error_count,complexity_score,past_score,cognitive_state,rule_id,label_source,rater
1,2,55,Minor Syntax Error,R8,rubric,cognitive_rubric.v1
4,20,53,High Cognitive Load,R4,rubric,cognitive_rubric.v1
2,7,47,Minor Syntax Error,R8,rubric,cognitive_rubric.v1
2,5,42,Needs Simple Basics,R1,rubric,cognitive_rubric.v1
1,3,59,Minor Syntax Error,R8,rubric,cognitive_rubric.v1
5,18,23,Needs Simple Basics,R2,rubric,cognitive_rubric.v1
2,11,42,Minor Syntax Error,R8,rubric,cognitive_rubric.v1
3,13,62,High Cognitive Load,R4,rubric,cognitive_rubric.v1
1,4,56,Minor Syntax Error,R8,rubric,cognitive_rubric.v1
4,3,63,Needs Simple Basics,R3,rubric,cognitive_rubric.v1
1,6,32,Needs Simple Basics,R1,rubric,cognitive_rubric.v1
2,3,61,Minor Syntax Error,R8,rubric,cognitive_rubric.v1
4,9,66,High Cognitive Load,R5,rubric_coverage_topup,cognitive_rubric.v1
2,2,54,Minor Syntax Error,R8,rubric,cognitive_rubric.v1
2,5,41,Needs Simple Basics,R1,rubric,cognitive_rubric.v1
2,2,51,Minor Syntax Error,R8,rubric,cognitive_rubric.v1
3,7,92,High Cognitive Load,R6,rubric,cognitive_rubric.v1
2,16,68,High Cognitive Load,R7,rubric_coverage_topup,cognitive_rubric.v1
3,9,63,High Cognitive Load,R6,rubric,cognitive_rubric.v1
2,4,42,Needs Simple Basics,R1,rubric,cognitive_rubric.v1
3,3,77,Needs Simple Basics,R3,rubric,cognitive_rubric.v1
1,7,74,Minor Syntax Error,R8,rubric,cognitive_rubric.v1
1,2,37,Needs Simple Basics,R1,rubric,cognitive_rubric.v1
1,2,41,Needs Simple Basics,R1,rubric,cognitive_rubric.v1
2,4,65,Minor Syntax Error,R8,rubric,cognitive_rubric.v1
2,2,46,Minor Syntax Error,R8,rubric,cognitive_rubric.v1
4,14,57,High Cognitive Load,R4,rubric,cognitive_rubric.v1
4,11,57,High Cognitive Load,R4,rubric,cognitive_rubric.v1
1,5,100,Minor Syntax Error,R8,rubric,cognitive_rubric.v1
4,5,83,Needs Simple Basics,R3,rubric,cognitive_rubric.v1
5,17,39,Needs Simple Basics,R2,rubric,cognitive_rubric.v1
4,2,51,Needs Simple Basics,R3,rubric,cognitive_rubric.v1
2,10,48,Minor Syntax Error,R8,rubric,cognitive_rubric.v1
3,16,83,High Cognitive Load,R4,rubric,cognitive_rubric.v1
4,12,43,High Cognitive Load,R4,rubric,cognitive_rubric.v1
2,3,21,Needs Simple Basics,R1,rubric,cognitive_rubric.v1
2,3,64,Minor Syntax Error,R8,rubric,cognitive_rubric.v1
1,6,63,Minor Syntax Error,R8,rubric,cognitive_rubric.v1
2,18,72,High Cognitive Load,R7,rubric_coverage_topup,cognitive_rubric.v1
6,8,63,High Cognitive Load,R5,rubric_coverage_topup,cognitive_rubric.v1
1,5,58,Minor Syntax Error,R8,rubric,cognitive_rubric.v1
4,8,31,High Cognitive Load,R6,rubric,cognitive_rubric.v1
3,2,28,Needs Simple Basics,R1,rubric,cognitive_rubric.v1
1,5,18,Needs Simple Basics,R1,rubric,cognitive_rubric.v1
5,10,44,Needs Simple Basics,R2,rubric,cognitive_rubric.v1
1,4,31,Needs Simple Basics,R1,rubric,cognitive_rubric.v1
2,13,88,Minor Syntax Error,R8,rubric,cognitive_rubric.v1
1,4,52,Minor Syntax Error,R8,rubric,cognitive_rubric.v1
1,5,67,Minor Syntax Error,R8,rubric,cognitive_rubric.v1
4,6,49,Needs Simple Basics,R3,rubric,cognitive_rubric.v1
4,8,65,High Cognitive Load,R5,rubric_coverage_topup,cognitive_rubric.v1
4,8,73,High Cognitive Load,R5,rubric_coverage_topup,cognitive_rubric.v1
3,3,73,Needs Simple Basics,R3,rubric,cognitive_rubric.v1
6,15,49,Needs Simple Basics,R2,rubric_coverage_topup,cognitive_rubric.v1
5,8,38,Needs Simple Basics,R2,rubric_coverage_topup,cognitive_rubric.v1
1,2,54,Minor Syntax Error,R8,rubric,cognitive_rubric.v1
2,10,46,Minor Syntax Error,R8,rubric,cognitive_rubric.v1
2,4,68,Minor Syntax Error,R8,rubric,cognitive_rubric.v1
4,6,26,Needs Simple Basics,R1,rubric,cognitive_rubric.v1
6,18,46,Needs Simple Basics,R2,rubric,cognitive_rubric.v1
3,4,19,Needs Simple Basics,R1,rubric,cognitive_rubric.v1
3,9,56,High Cognitive Load,R6,rubric,cognitive_rubric.v1
2,3,75,Minor Syntax Error,R8,rubric,cognitive_rubric.v1
6,4,16,Needs Simple Basics,R1,rubric,cognitive_rubric.v1
2,19,60,High Cognitive Load,R7,rubric_coverage_topup,cognitive_rubric.v1
1,2,55,Minor Syntax Error,R8,rubric,cognitive_rubric.v1
4,6,40,Needs Simple Basics,R1,rubric,cognitive_rubric.v1
2,18,47,High Cognitive Load,R7,rubric_coverage_topup,cognitive_rubric.v1
2,4,79,Minor Syntax Error,R8,rubric,cognitive_rubric.v1
1,8,100,Minor Syntax Error,R8,rubric,cognitive_rubric.v1
5,20,62,High Cognitive Load,R4,rubric,cognitive_rubric.v1
5,9,90,High Cognitive Load,R5,rubric_coverage_topup,cognitive_rubric.v1
3,2,65,Needs Simple Basics,R3,rubric,cognitive_rubric.v1
1,3,40,Needs Simple Basics,R1,rubric,cognitive_rubric.v1
3,6,42,Needs Simple Basics,R1,rubric,cognitive_rubric.v1
4,5,35,Needs Simple Basics,R1,rubric,cognitive_rubric.v1
3,3,41,Needs Simple Basics,R1,rubric,cognitive_rubric.v1
3,9,59,High Cognitive Load,R6,rubric,cognitive_rubric.v1
4,1,63,Needs Simple Basics,R3,rubric,cognitive_rubric.v1
4,5,67,Needs Simple Basics,R3,rubric,cognitive_rubric.v1
1,9,68,Minor Syntax Error,R8,rubric,cognitive_rubric.v1
2,17,66,High Cognitive Load,R7,rubric_coverage_topup,cognitive_rubric.v1
2,19,60,High Cognitive Load,R7,rubric_coverage_topup,cognitive_rubric.v1
1,2,66,Minor Syntax Error,R8,rubric,cognitive_rubric.v1
4,7,66,High Cognitive Load,R5,rubric_coverage_topup,cognitive_rubric.v1
2,10,92,Minor Syntax Error,R8,rubric,cognitive_rubric.v1
3,4,0,Needs Simple Basics,R1,rubric,cognitive_rubric.v1
1,3,78,Minor Syntax Error,R8,rubric,cognitive_rubric.v1
5,7,84,High Cognitive Load,R5,rubric_coverage_topup,cognitive_rubric.v1
3,3,78,Needs Simple Basics,R3,rubric,cognitive_rubric.v1
1,16,66,High Cognitive Load,R7,rubric_coverage_topup,cognitive_rubric.v1
3,1,49,Needs Simple Basics,R3,rubric,cognitive_rubric.v1
4,3,53,Needs Simple Basics,R3,rubric,cognitive_rubric.v1
2,11,70,Minor Syntax Error,R8,rubric,cognitive_rubric.v1
6,20,33,Needs Simple Basics,R2,rubric,cognitive_rubric.v1
3,6,83,Needs Simple Basics,R3,rubric,cognitive_rubric.v1
5,20,71,High Cognitive Load,R4,rubric,cognitive_rubric.v1
1,12,59,High Cognitive Load,R7,rubric_coverage_topup,cognitive_rubric.v1
5,9,68,High Cognitive Load,R5,rubric,cognitive_rubric.v1
2,6,65,Minor Syntax Error,R8,rubric,cognitive_rubric.v1
4,7,82,High Cognitive Load,R5,rubric_coverage_topup,cognitive_rubric.v1
4,7,71,High Cognitive Load,R5,rubric_coverage_topup,cognitive_rubric.v1
5,9,38,Needs Simple Basics,R2,rubric,cognitive_rubric.v1
4,7,76,High Cognitive Load,R5,rubric_coverage_topup,cognitive_rubric.v1
4,4,70,Needs Simple Basics,R3,rubric,cognitive_rubric.v1
2,1,54,Minor Syntax Error,R8,rubric,cognitive_rubric.v1
2,15,70,High Cognitive Load,R7,rubric,cognitive_rubric.v1
3,5,67,Needs Simple Basics,R3,rubric,cognitive_rubric.v1
4,3,85,Needs Simple Basics,R3,rubric,cognitive_rubric.v1
4,4,27,Needs Simple Basics,R1,rubric,cognitive_rubric.v1
3,5,53,Needs Simple Basics,R3,rubric,cognitive_rubric.v1
3,20,54,High Cognitive Load,R4,rubric,cognitive_rubric.v1
4,7,97,High Cognitive Load,R5,rubric_coverage_topup,cognitive_rubric.v1
3,2,66,Needs Simple Basics,R3,rubric,cognitive_rubric.v1
4,14,73,High Cognitive Load,R4,rubric,cognitive_rubric.v1
3,5,49,Needs Simple Basics,R3,rubric,cognitive_rubric.v1
1,3,72,Minor Syntax Error,R8,rubric,cognitive_rubric.v1
2,4,93,Minor Syntax Error,R8,rubric,cognitive_rubric.v1
2,2,83,Minor Syntax Error,R8,rubric,cognitive_rubric.v1
6,18,36,Needs Simple Basics,R2,rubric,cognitive_rubric.v1
2,3,47,Minor Syntax Error,R8,rubric,cognitive_rubric.v1
1,2,27,Needs Simple Basics,R1,rubric,cognitive_rubric.v1
2,5,22,Needs Simple Basics,R1,rubric,cognitive_rubric.v1
2,4,63,Minor Syntax Error,R8,rubric,cognitive_rubric.v1
2,11,81,Minor Syntax Error,R8,rubric,cognitive_rubric.v1
2,4,95,Minor Syntax Error,R8,rubric,cognitive_rubric.v1
2,5,84,Minor Syntax Error,R8,rubric,cognitive_rubric.v1
6,20,52,Needs Simple Basics,R2,rubric,cognitive_rubric.v1
1,7,62,Minor Syntax Error,R8,rubric,cognitive_rubric.v1
2,5,61,Minor Syntax Error,R8,rubric,cognitive_rubric.v1
4,17,62,High Cognitive Load,R4,rubric,cognitive_rubric.v1
3,5,84,Needs Simple Basics,R3,rubric,cognitive_rubric.v1
3,4,39,Needs Simple Basics,R1,rubric,cognitive_rubric.v1
5,10,61,High Cognitive Load,R4,rubric,cognitive_rubric.v1
4,20,42,High Cognitive Load,R4,rubric,cognitive_rubric.v1
3,1,66,Needs Simple Basics,R3,rubric,cognitive_rubric.v1
2,2,61,Minor Syntax Error,R8,rubric,cognitive_rubric.v1
3,9,64,High Cognitive Load,R6,rubric,cognitive_rubric.v1
3,2,62,Needs Simple Basics,R3,rubric,cognitive_rubric.v1
3,14,55,High Cognitive Load,R4,rubric,cognitive_rubric.v1
1,4,32,Needs Simple Basics,R1,rubric,cognitive_rubric.v1
3,10,65,High Cognitive Load,R4,rubric,cognitive_rubric.v1
1,7,41,Minor Syntax Error,R8,rubric,cognitive_rubric.v1
2,13,60,High Cognitive Load,R7,rubric_coverage_topup,cognitive_rubric.v1
5,7,20,Needs Simple Basics,R2,rubric,cognitive_rubric.v1
5,8,78,High Cognitive Load,R5,rubric_coverage_topup,cognitive_rubric.v1
2,13,44,High Cognitive Load,R7,rubric,cognitive_rubric.v1
1,10,45,Minor Syntax Error,R8,rubric,cognitive_rubric.v1
1,1,78,Minor Syntax Error,R8,rubric,cognitive_rubric.v1
1,8,62,Minor Syntax Error,R8,rubric,cognitive_rubric.v1
1,4,49,Minor Syntax Error,R8,rubric,cognitive_rubric.v1
1,10,62,Minor Syntax Error,R8,rubric,cognitive_rubric.v1
2,5,45,Minor Syntax Error,R8,rubric,cognitive_rubric.v1
5,3,54,Needs Simple Basics,R2,rubric,cognitive_rubric.v1
7,12,43,Needs Simple Basics,R2,rubric,cognitive_rubric.v1
3,8,27,High Cognitive Load,R6,rubric,cognitive_rubric.v1
1,2,53,Minor Syntax Error,R8,rubric,cognitive_rubric.v1
2,1,52,Minor Syntax Error,R8,rubric,cognitive_rubric.v1
2,13,33,High Cognitive Load,R7,rubric_coverage_topup,cognitive_rubric.v1
1,4,66,Minor Syntax Error,R8,rubric,cognitive_rubric.v1
3,7,33,High Cognitive Load,R6,rubric,cognitive_rubric.v1
1,4,30,Needs Simple Basics,R1,rubric,cognitive_rubric.v1
1,6,51,Minor Syntax Error,R8,rubric,cognitive_rubric.v1
4,9,64,High Cognitive Load,R5,rubric_coverage_topup,cognitive_rubric.v1
1,14,79,Minor Syntax Error,R8,rubric,cognitive_rubric.v1
4,5,54,Needs Simple Basics,R3,rubric,cognitive_rubric.v1
3,6,75,Needs Simple Basics,R3,rubric,cognitive_rubric.v1
3,1,43,Needs Simple Basics,R1,rubric,cognitive_rubric.v1
1,5,88,Minor Syntax Error,R8,rubric,cognitive_rubric.v1
1,3,79,Minor Syntax Error,R8,rubric,cognitive_rubric.v1
3,20,92,High Cognitive Load,R4,rubric,cognitive_rubric.v1
4,5,1,Needs Simple Basics,R1,rubric,cognitive_rubric.v1
3,6,75,Needs Simple Basics,R3,rubric,cognitive_rubric.v1
3,14,22,High Cognitive Load,R4,rubric,cognitive_rubric.v1
1,4,68,Minor Syntax Error,R8,rubric,cognitive_rubric.v1
1,10,49,Minor Syntax Error,R8,rubric,cognitive_rubric.v1
2,4,72,Minor Syntax Error,R8,rubric,cognitive_rubric.v1
3,3,53,Needs Simple Basics,R3,rubric,cognitive_rubric.v1
1,4,48,Minor Syntax Error,R8,rubric,cognitive_rubric.v1
2,2,42,Needs Simple Basics,R1,rubric,cognitive_rubric.v1
3,3,49,Needs Simple Basics,R3,rubric,cognitive_rubric.v1
2,3,45,Minor Syntax Error,R8,rubric,cognitive_rubric.v1
2,12,55,High Cognitive Load,R7,rubric,cognitive_rubric.v1
1,3,53,Minor Syntax Error,R8,rubric,cognitive_rubric.v1
4,7,65,High Cognitive Load,R5,rubric_coverage_topup,cognitive_rubric.v1
3,4,70,Needs Simple Basics,R3,rubric,cognitive_rubric.v1
1,3,60,Minor Syntax Error,R8,rubric,cognitive_rubric.v1
2,11,58,Minor Syntax Error,R8,rubric,cognitive_rubric.v1
3,6,64,Needs Simple Basics,R3,rubric,cognitive_rubric.v1
1,1,100,Minor Syntax Error,R8,rubric,cognitive_rubric.v1
3,4,46,Needs Simple Basics,R3,rubric,cognitive_rubric.v1
2,12,68,High Cognitive Load,R7,rubric,cognitive_rubric.v1
7,20,40,Needs Simple Basics,R2,rubric,cognitive_rubric.v1
6,20,71,High Cognitive Load,R4,rubric,cognitive_rubric.v1
3,2,85,Needs Simple Basics,R3,rubric,cognitive_rubric.v1
5,9,63,High Cognitive Load,R5,rubric,cognitive_rubric.v1
1,11,61,Minor Syntax Error,R8,rubric,cognitive_rubric.v1
2,8,100,Minor Syntax Error,R8,rubric,cognitive_rubric.v1
4,9,84,High Cognitive Load,R5,rubric,cognitive_rubric.v1
2,7,15,Minor Syntax Error,R8,rubric,cognitive_rubric.v1
1,5,63,Minor Syntax Error,R8,rubric,cognitive_rubric.v1
1,6,48,Minor Syntax Error,R8,rubric,cognitive_rubric.v1
4,10,53,High Cognitive Load,R4,rubric,cognitive_rubric.v1
6,13,32,Needs Simple Basics,R2,rubric,cognitive_rubric.v1
4,18,56,High Cognitive Load,R4,rubric,cognitive_rubric.v1
3,11,68,High Cognitive Load,R4,rubric,cognitive_rubric.v1
4,20,67,High Cognitive Load,R4,rubric,cognitive_rubric.v1
3,3,47,Needs Simple Basics,R3,rubric,cognitive_rubric.v1
5,11,52,Needs Simple Basics,R2,rubric_coverage_topup,cognitive_rubric.v1
1,2,48,Minor Syntax Error,R8,rubric,cognitive_rubric.v1
2,8,39,Minor Syntax Error,R8,rubric,cognitive_rubric.v1
3,2,63,Needs Simple Basics,R3,rubric,cognitive_rubric.v1
6,15,54,Needs Simple Basics,R2,rubric,cognitive_rubric.v1
4,7,62,High Cognitive Load,R5,rubric_coverage_topup,cognitive_rubric.v1
1,4,59,Minor Syntax Error,R8,rubric,cognitive_rubric.v1
3,4,26,Needs Simple Basics,R1,rubric,cognitive_rubric.v1
5,2,50,Needs Simple Basics,R2,rubric_coverage_topup,cognitive_rubric.v1
1,4,49,Minor Syntax Error,R8,rubric,cognitive_rubric.v1
4,6,58,Needs Simple Basics,R3,rubric,cognitive_rubric.v1
1,5,84,Minor Syntax Error,R8,rubric,cognitive_rubric.v1
4,9,54,High Cognitive Load,R6,rubric,cognitive_rubric.v1
5,14,53,Needs Simple Basics,R2,rubric,cognitive_rubric.v1
1,11,73,Minor Syntax Error,R8,rubric,cognitive_rubric.v1
3,5,61,Needs Simple Basics,R3,rubric,cognitive_rubric.v1
2,6,52,Minor Syntax Error,R8,rubric,cognitive_rubric.v1
4,8,61,High Cognitive Load,R5,rubric,cognitive_rubric.v1
4,7,77,High Cognitive Load,R5,rubric_coverage_topup,cognitive_rubric.v1
1,3,90,Minor Syntax Error,R8,rubric,cognitive_rubric.v1
3,6,68,Needs Simple Basics,R3,rubric,cognitive_rubric.v1
3,3,60,Needs Simple Basics,R3,rubric,cognitive_rubric.v1
2,3,30,Needs Simple Basics,R1,rubric,cognitive_rubric.v1
1,4,66,Minor Syntax Error,R8,rubric,cognitive_rubric.v1
7,12,43,Needs Simple Basics,R2,rubric,cognitive_rubric.v1
1,2,28,Needs Simple Basics,R1,rubric,cognitive_rubric.v1
4,7,79,High Cognitive Load,R5,rubric_coverage_topup,cognitive_rubric.v1
3,6,85,Needs Simple Basics,R3,rubric,cognitive_rubric.v1
2,14,24,High Cognitive Load,R7,rubric_coverage_topup,cognitive_rubric.v1
1,9,17,Minor Syntax Error,R8,rubric,cognitive_rubric.v1
2,5,88,Minor Syntax Error,R8,rubric,cognitive_rubric.v1
2,13,59,High Cognitive Load,R7,rubric_coverage_topup,cognitive_rubric.v1
2,14,67,High Cognitive Load,R7,rubric,cognitive_rubric.v1
4,6,80,Needs Simple Basics,R3,rubric,cognitive_rubric.v1
3,14,82,High Cognitive Load,R4,rubric,cognitive_rubric.v1
3,1,24,Needs Simple Basics,R1,rubric,cognitive_rubric.v1
4,2,75,Needs Simple Basics,R3,rubric,cognitive_rubric.v1
3,5,8,Needs Simple Basics,R1,rubric,cognitive_rubric.v1
2,13,31,High Cognitive Load,R7,rubric_coverage_topup,cognitive_rubric.v1
4,7,85,High Cognitive Load,R5,rubric_coverage_topup,cognitive_rubric.v1
2,3,64,Minor Syntax Error,R8,rubric,cognitive_rubric.v1
3,12,37,High Cognitive Load,R4,rubric,cognitive_rubric.v1
3,8,73,High Cognitive Load,R6,rubric,cognitive_rubric.v1
1,7,43,Minor Syntax Error,R8,rubric,cognitive_rubric.v1
5,14,76,High Cognitive Load,R4,rubric,cognitive_rubric.v1
4,12,54,High Cognitive Load,R4,rubric,cognitive_rubric.v1
1,7,90,Minor Syntax Error,R8,rubric,cognitive_rubric.v1
3,17,49,High Cognitive Load,R4,rubric,cognitive_rubric.v1
4,8,72,High Cognitive Load,R5,rubric_coverage_topup,cognitive_rubric.v1
2,5,39,Needs Simple Basics,R1,rubric,cognitive_rubric.v1
5,20,38,Needs Simple Basics,R2,rubric,cognitive_rubric.v1
4,7,56,High Cognitive Load,R6,rubric,cognitive_rubric.v1
4,16,28,High Cognitive Load,R4,rubric,cognitive_rubric.v1
2,2,43,Needs Simple Basics,R1,rubric,cognitive_rubric.v1
3,3,66,Needs Simple Basics,R3,rubric,cognitive_rubric.v1
2,2,47,Minor Syntax Error,R8,rubric,cognitive_rubric.v1
2,2,92,Minor Syntax Error,R8,rubric,cognitive_rubric.v1
1,4,46,Minor Syntax Error,R8,rubric,cognitive_rubric.v1
2,7,84,Minor Syntax Error,R8,rubric,cognitive_rubric.v1
2,12,37,High Cognitive Load,R7,rubric,cognitive_rubric.v1
2,13,52,High Cognitive Load,R7,rubric_coverage_topup,cognitive_rubric.v1
1,2,71,Minor Syntax Error,R8,rubric,cognitive_rubric.v1
1,2,85,Minor Syntax Error,R8,rubric,cognitive_rubric.v1
1,4,54,Minor Syntax Error,R8,rubric,cognitive_rubric.v1
3,3,66,Needs Simple Basics,R3,rubric,cognitive_rubric.v1
4,5,67,Needs Simple Basics,R3,rubric,cognitive_rubric.v1
4,7,71,High Cognitive Load,R5,rubric_coverage_topup,cognitive_rubric.v1
6,17,50,Needs Simple Basics,R2,rubric,cognitive_rubric.v1
5,2,76,Needs Simple Basics,R3,rubric,cognitive_rubric.v1
2,3,52,Minor Syntax Error,R8,rubric,cognitive_rubric.v1
3,9,43,High Cognitive Load,R6,rubric,cognitive_rubric.v1
3,3,37,Needs Simple Basics,R1,rubric,cognitive_rubric.v1
1,10,100,Minor Syntax Error,R8,rubric,cognitive_rubric.v1
2,3,71,Minor Syntax Error,R8,rubric,cognitive_rubric.v1
1,4,55,Minor Syntax Error,R8,rubric,cognitive_rubric.v1
1,1,63,Minor Syntax Error,R8,rubric,cognitive_rubric.v1
1,1,75,Minor Syntax Error,R8,rubric,cognitive_rubric.v1
2,20,70,High Cognitive Load,R7,rubric_coverage_topup,cognitive_rubric.v1
1,9,42,Minor Syntax Error,R8,rubric,cognitive_rubric.v1
4,8,67,High Cognitive Load,R5,rubric_coverage_topup,cognitive_rubric.v1
1,5,44,Needs Simple Basics,R1,rubric,cognitive_rubric.v1
1,1,76,Minor Syntax Error,R8,rubric,cognitive_rubric.v1
4,10,86,High Cognitive Load,R4,rubric,cognitive_rubric.v1
3,6,53,Needs Simple Basics,R3,rubric,cognitive_rubric.v1
4,2,59,Needs Simple Basics,R3,rubric,cognitive_rubric.v1
6,1,45,Needs Simple Basics,R2,rubric_coverage_topup,cognitive_rubric.v1
1,10,56,Minor Syntax Error,R8,rubric,cognitive_rubric.v1
2,13,46,High Cognitive Load,R7,rubric,cognitive_rubric.v1
2,8,52,Minor Syntax Error,R8,rubric,cognitive_rubric.v1
3,4,45,Needs Simple Basics,R3,rubric,cognitive_rubric.v1
2,3,78,Minor Syntax Error,R8,rubric,cognitive_rubric.v1
3,2,57,Needs Simple Basics,R3,rubric,cognitive_rubric.v1
1,4,54,Minor Syntax Error,R8,rubric,cognitive_rubric.v1
5,5,52,Needs Simple Basics,R2,rubric,cognitive_rubric.v1
3,3,36,Needs Simple Basics,R1,rubric,cognitive_rubric.v1
2,9,52,Minor Syntax Error,R8,rubric,cognitive_rubric.v1
2,12,54,High Cognitive Load,R7,rubric_coverage_topup,cognitive_rubric.v1
1,1,58,Minor Syntax Error,R8,rubric,cognitive_rubric.v1
4,7,63,High Cognitive Load,R5,rubric_coverage_topup,cognitive_rubric.v1
1,9,60,Minor Syntax Error,R8,rubric,cognitive_rubric.v1
3,8,62,High Cognitive Load,R6,rubric,cognitive_rubric.v1
1,9,67,Minor Syntax Error,R8,rubric,cognitive_rubric.v1
5,8,70,High Cognitive Load,R5,rubric_coverage_topup,cognitive_rubric.v1
3,3,100,Needs Simple Basics,R3,rubric,cognitive_rubric.v1
2,4,56,Minor Syntax Error,R8,rubric,cognitive_rubric.v1
1,18,42,High Cognitive Load,R7,rubric,cognitive_rubric.v1
1,12,60,High Cognitive Load,R7,rubric_coverage_topup,cognitive_rubric.v1
1,1,82,Minor Syntax Error,R8,rubric,cognitive_rubric.v1
2,8,99,Minor Syntax Error,R8,rubric,cognitive_rubric.v1
1,8,49,Minor Syntax Error,R8,rubric,cognitive_rubric.v1
1,4,89,Minor Syntax Error,R8,rubric,cognitive_rubric.v1
2,17,68,High Cognitive Load,R7,rubric_coverage_topup,cognitive_rubric.v1
3,4,21,Needs Simple Basics,R1,rubric,cognitive_rubric.v1
3,5,54,Needs Simple Basics,R3,rubric,cognitive_rubric.v1
2,9,27,Minor Syntax Error,R8,rubric,cognitive_rubric.v1
5,1,46,Needs Simple Basics,R2,rubric,cognitive_rubric.v1
2,3,68,Minor Syntax Error,R8,rubric,cognitive_rubric.v1
1,4,35,Needs Simple Basics,R1,rubric,cognitive_rubric.v1
3,12,59,High Cognitive Load,R4,rubric,cognitive_rubric.v1
2,4,75,Minor Syntax Error,R8,rubric,cognitive_rubric.v1
3,7,24,High Cognitive Load,R6,rubric,cognitive_rubric.v1
1,1,61,Minor Syntax Error,R8,rubric,cognitive_rubric.v1
1,7,27,Minor Syntax Error,R8,rubric,cognitive_rubric.v1
2,12,68,High Cognitive Load,R7,rubric_coverage_topup,cognitive_rubric.v1
1,4,57,Minor Syntax Error,R8,rubric,cognitive_rubric.v1
2,7,65,Minor Syntax Error,R8,rubric,cognitive_rubric.v1
4,8,20,High Cognitive Load,R6,rubric,cognitive_rubric.v1
1,3,76,Minor Syntax Error,R8,rubric,cognitive_rubric.v1
3,4,37,Needs Simple Basics,R1,rubric,cognitive_rubric.v1
1,12,57,High Cognitive Load,R7,rubric,cognitive_rubric.v1
4,7,67,High Cognitive Load,R5,rubric_coverage_topup,cognitive_rubric.v1
2,3,19,Needs Simple Basics,R1,rubric,cognitive_rubric.v1
2,3,52,Minor Syntax Error,R8,rubric,cognitive_rubric.v1
5,15,32,Needs Simple Basics,R2,rubric,cognitive_rubric.v1
3,20,65,High Cognitive Load,R4,rubric,cognitive_rubric.v1
3,3,53,Needs Simple Basics,R3,rubric,cognitive_rubric.v1
2,3,45,Minor Syntax Error,R8,rubric,cognitive_rubric.v1
2,3,51,Minor Syntax Error,R8,rubric,cognitive_rubric.v1
4,3,25,Needs Simple Basics,R1,rubric,cognitive_rubric.v1
1,2,36,Needs Simple Basics,R1,rubric,cognitive_rubric.v1
2,6,83,Minor Syntax Error,R8,rubric,cognitive_rubric.v1
3,7,84,High Cognitive Load,R6,rubric,cognitive_rubric.v1
1,13,49,High Cognitive Load,R7,rubric_coverage_topup,cognitive_rubric.v1
2,3,78,Minor Syntax Error,R8,rubric,cognitive_rubric.v1
1,12,31,High Cognitive Load,R7,rubric,cognitive_rubric.v1
1,3,77,Minor Syntax Error,R8,rubric,cognitive_rubric.v1
6,13,45,Needs Simple Basics,R2,rubric,cognitive_rubric.v1
3,7,21,High Cognitive Load,R6,rubric,cognitive_rubric.v1
3,2,37,Needs Simple Basics,R1,rubric,cognitive_rubric.v1
1,9,59,Minor Syntax Error,R8,rubric,cognitive_rubric.v1
3,16,61,High Cognitive Load,R4,rubric,cognitive_rubric.v1
3,6,36,Needs Simple Basics,R1,rubric,cognitive_rubric.v1
1,3,40,Needs Simple Basics,R1,rubric,cognitive_rubric.v1
2,4,42,Needs Simple Basics,R1,rubric,cognitive_rubric.v1
3,10,15,High Cognitive Load,R4,rubric,cognitive_rubric.v1
3,4,66,Needs Simple Basics,R3,rubric,cognitive_rubric.v1
2,3,12,Needs Simple Basics,R1,rubric,cognitive_rubric.v1
1,6,82,Minor Syntax Error,R8,rubric,cognitive_rubric.v1
1,2,76,Minor Syntax Error,R8,rubric,cognitive_rubric.v1
1,6,67,Minor Syntax Error,R8,rubric,cognitive_rubric.v1
1,2,36,Needs Simple Basics,R1,rubric,cognitive_rubric.v1
1,9,51,Minor Syntax Error,R8,rubric,cognitive_rubric.v1
2,4,40,Needs Simple Basics,R1,rubric,cognitive_rubric.v1
2,3,42,Needs Simple Basics,R1,rubric,cognitive_rubric.v1
3,7,72,High Cognitive Load,R6,rubric,cognitive_rubric.v1
2,5,53,Minor Syntax Error,R8,rubric,cognitive_rubric.v1
2,9,56,Minor Syntax Error,R8,rubric,cognitive_rubric.v1
4,8,68,High Cognitive Load,R5,rubric_coverage_topup,cognitive_rubric.v1
2,2,82,Minor Syntax Error,R8,rubric,cognitive_rubric.v1
1,2,64,Minor Syntax Error,R8,rubric,cognitive_rubric.v1
1,12,83,Minor Syntax Error,R8,rubric,cognitive_rubric.v1
4,5,11,Needs Simple Basics,R1,rubric,cognitive_rubric.v1
1,15,52,High Cognitive Load,R7,rubric_coverage_topup,cognitive_rubric.v1
5,20,31,Needs Simple Basics,R2,rubric,cognitive_rubric.v1
2,17,73,High Cognitive Load,R7,rubric_coverage_topup,cognitive_rubric.v1
1,1,78,Minor Syntax Error,R8,rubric,cognitive_rubric.v1
1,6,40,Needs Simple Basics,R1,rubric,cognitive_rubric.v1
2,9,72,Minor Syntax Error,R8,rubric,cognitive_rubric.v1
1,3,33,Needs Simple Basics,R1,rubric,cognitive_rubric.v1
3,8,59,High Cognitive Load,R6,rubric,cognitive_rubric.v1
3,7,32,High Cognitive Load,R6,rubric,cognitive_rubric.v1
2,2,44,Needs Simple Basics,R1,rubric,cognitive_rubric.v1
1,6,83,Minor Syntax Error,R8,rubric,cognitive_rubric.v1
1,4,91,Minor Syntax Error,R8,rubric,cognitive_rubric.v1
1,3,46,Minor Syntax Error,R8,rubric,cognitive_rubric.v1
1,1,80,Minor Syntax Error,R8,rubric,cognitive_rubric.v1
2,9,73,Minor Syntax Error,R8,rubric,cognitive_rubric.v1
3,3,25,Needs Simple Basics,R1,rubric,cognitive_rubric.v1
4,5,65,Needs Simple Basics,R3,rubric,cognitive_rubric.v1
5,7,43,Needs Simple Basics,R2,rubric_coverage_topup,cognitive_rubric.v1
2,6,45,Minor Syntax Error,R8,rubric,cognitive_rubric.v1
2,9,60,Minor Syntax Error,R8,rubric,cognitive_rubric.v1
1,4,51,Minor Syntax Error,R8,rubric,cognitive_rubric.v1
4,6,50,Needs Simple Basics,R3,rubric,cognitive_rubric.v1
5,17,40,Needs Simple Basics,R2,rubric,cognitive_rubric.v1
4,3,59,Needs Simple Basics,R3,rubric,cognitive_rubric.v1
2,6,89,Minor Syntax Error,R8,rubric,cognitive_rubric.v1
3,11,54,High Cognitive Load,R4,rubric,cognitive_rubric.v1
3,10,90,High Cognitive Load,R4,rubric,cognitive_rubric.v1
3,1,38,Needs Simple Basics,R1,rubric,cognitive_rubric.v1
6,10,37,Needs Simple Basics,R2,rubric,cognitive_rubric.v1
2,4,59,Minor Syntax Error,R8,rubric,cognitive_rubric.v1
4,5,32,Needs Simple Basics,R1,rubric,cognitive_rubric.v1
3,7,34,High Cognitive Load,R6,rubric,cognitive_rubric.v1
1,2,50,Minor Syntax Error,R8,rubric,cognitive_rubric.v1
3,5,67,Needs Simple Basics,R3,rubric,cognitive_rubric.v1
2,2,15,Needs Simple Basics,R1,rubric,cognitive_rubric.v1
2,5,27,Needs Simple Basics,R1,rubric,cognitive_rubric.v1
2,2,89,Minor Syntax Error,R8,rubric,cognitive_rubric.v1
4,14,47,High Cognitive Load,R4,rubric,cognitive_rubric.v1
3,8,79,High Cognitive Load,R6,rubric,cognitive_rubric.v1
2,10,74,Minor Syntax Error,R8,rubric,cognitive_rubric.v1
1,2,54,Minor Syntax Error,R8,rubric,cognitive_rubric.v1
4,5,29,Needs Simple Basics,R1,rubric,cognitive_rubric.v1
1,2,71,Minor Syntax Error,R8,rubric,cognitive_rubric.v1
1,4,59,Minor Syntax Error,R8,rubric,cognitive_rubric.v1
3,1,48,Needs Simple Basics,R3,rubric,cognitive_rubric.v1
3,4,55,Needs Simple Basics,R3,rubric,cognitive_rubric.v1
1,5,43,Needs Simple Basics,R1,rubric,cognitive_rubric.v1
1,3,64,Minor Syntax Error,R8,rubric,cognitive_rubric.v1
3,10,60,High Cognitive Load,R4,rubric,cognitive_rubric.v1
3,4,28,Needs Simple Basics,R1,rubric,cognitive_rubric.v1
4,6,40,Needs Simple Basics,R1,rubric,cognitive_rubric.v1
1,6,72,Minor Syntax Error,R8,rubric,cognitive_rubric.v1
3,5,73,Needs Simple Basics,R3,rubric,cognitive_rubric.v1
2,1,24,Needs Simple Basics,R1,rubric,cognitive_rubric.v1
3,1,36,Needs Simple Basics,R1,rubric,cognitive_rubric.v1
3,3,72,Needs Simple Basics,R3,rubric,cognitive_rubric.v1
1,4,74,Minor Syntax Error,R8,rubric,cognitive_rubric.v1
2,1,43,Needs Simple Basics,R1,rubric,cognitive_rubric.v1
4,6,79,Needs Simple Basics,R3,rubric,cognitive_rubric.v1
2,12,55,High Cognitive Load,R7,rubric_coverage_topup,cognitive_rubric.v1
3,20,51,High Cognitive Load,R4,rubric,cognitive_rubric.v1
2,20,44,High Cognitive Load,R7,rubric_coverage_topup,cognitive_rubric.v1
3,5,74,Needs Simple Basics,R3,rubric,cognitive_rubric.v1
1,7,76,Minor Syntax Error,R8,rubric,cognitive_rubric.v1
2,7,80,Minor Syntax Error,R8,rubric,cognitive_rubric.v1
2,4,62,Minor Syntax Error,R8,rubric,cognitive_rubric.v1
1,12,59,High Cognitive Load,R7,rubric_coverage_topup,cognitive_rubric.v1
2,7,44,Minor Syntax Error,R8,rubric,cognitive_rubric.v1
2,3,46,Minor Syntax Error,R8,rubric,cognitive_rubric.v1
1,2,69,Minor Syntax Error,R8,rubric,cognitive_rubric.v1
1,4,37,Needs Simple Basics,R1,rubric,cognitive_rubric.v1
4,3,30,Needs Simple Basics,R1,rubric,cognitive_rubric.v1
1,2,63,Minor Syntax Error,R8,rubric,cognitive_rubric.v1
5,8,60,High Cognitive Load,R5,rubric,cognitive_rubric.v1
1,9,48,Minor Syntax Error,R8,rubric,cognitive_rubric.v1
3,7,43,High Cognitive Load,R6,rubric,cognitive_rubric.v1
2,4,43,Needs Simple Basics,R1,rubric,cognitive_rubric.v1
4,9,66,High Cognitive Load,R5,rubric_coverage_topup,cognitive_rubric.v1
4,7,63,High Cognitive Load,R5,rubric_coverage_topup,cognitive_rubric.v1
3,7,40,High Cognitive Load,R6,rubric,cognitive_rubric.v1
3,4,38,Needs Simple Basics,R1,rubric,cognitive_rubric.v1
5,19,39,Needs Simple Basics,R2,rubric,cognitive_rubric.v1
5,11,47,Needs Simple Basics,R2,rubric,cognitive_rubric.v1
2,2,44,Needs Simple Basics,R1,rubric,cognitive_rubric.v1
7,3,30,Needs Simple Basics,R1,rubric,cognitive_rubric.v1
2,7,74,Minor Syntax Error,R8,rubric,cognitive_rubric.v1
3,10,86,High Cognitive Load,R4,rubric,cognitive_rubric.v1
1,17,63,High Cognitive Load,R7,rubric_coverage_topup,cognitive_rubric.v1
3,3,37,Needs Simple Basics,R1,rubric,cognitive_rubric.v1
1,13,69,High Cognitive Load,R7,rubric_coverage_topup,cognitive_rubric.v1
2,2,0,Needs Simple Basics,R1,rubric,cognitive_rubric.v1
1,2,87,Minor Syntax Error,R8,rubric,cognitive_rubric.v1
3,12,65,High Cognitive Load,R4,rubric,cognitive_rubric.v1
4,12,52,High Cognitive Load,R4,rubric,cognitive_rubric.v1
3,3,26,Needs Simple Basics,R1,rubric,cognitive_rubric.v1
3,4,87,Needs Simple Basics,R3,rubric,cognitive_rubric.v1
2,4,34,Needs Simple Basics,R1,rubric,cognitive_rubric.v1
3,7,87,High Cognitive Load,R6,rubric,cognitive_rubric.v1
1,2,73,Minor Syntax Error,R8,rubric,cognitive_rubric.v1
4,9,38,High Cognitive Load,R6,rubric,cognitive_rubric.v1
1,2,53,Minor Syntax Error,R8,rubric,cognitive_rubric.v1
1,4,74,Minor Syntax Error,R8,rubric,cognitive_rubric.v1
3,7,69,High Cognitive Load,R6,rubric,cognitive_rubric.v1
4,20,32,High Cognitive Load,R4,rubric,cognitive_rubric.v1
3,4,49,Needs Simple Basics,R3,rubric,cognitive_rubric.v1
1,3,50,Minor Syntax Error,R8,rubric,cognitive_rubric.v1
1,20,70,High Cognitive Load,R7,rubric_coverage_topup,cognitive_rubric.v1
3,4,40,Needs Simple Basics,R1,rubric,cognitive_rubric.v1
5,8,78,High Cognitive Load,R5,rubric_coverage_topup,cognitive_rubric.v1
3,3,29,Needs Simple Basics,R1,rubric,cognitive_rubric.v1
3,4,42,Needs Simple Basics,R1,rubric,cognitive_rubric.v1
3,9,45,High Cognitive Load,R6,rubric,cognitive_rubric.v1
1,6,42,Needs Simple Basics,R1,rubric,cognitive_rubric.v1
5,7,75,High Cognitive Load,R5,rubric_coverage_topup,cognitive_rubric.v1
3,2,54,Needs Simple Basics,R3,rubric,cognitive_rubric.v1
2,7,35,Minor Syntax Error,R8,rubric,cognitive_rubric.v1
4,6,57,Needs Simple Basics,R3,rubric,cognitive_rubric.v1
5,3,37,Needs Simple Basics,R1,rubric,cognitive_rubric.v1
6,9,66,High Cognitive Load,R5,rubric_coverage_topup,cognitive_rubric.v1
1,6,69,Minor Syntax Error,R8,rubric,cognitive_rubric.v1
1,4,35,Needs Simple Basics,R1,rubric,cognitive_rubric.v1
4,2,54,Needs Simple Basics,R3,rubric,cognitive_rubric.v1
4,15,62,High Cognitive Load,R4,rubric,cognitive_rubric.v1
2,4,69,Minor Syntax Error,R8,rubric,cognitive_rubric.v1
4,7,65,High Cognitive Load,R5,rubric_coverage_topup,cognitive_rubric.v1
3,2,49,Needs Simple Basics,R3,rubric,cognitive_rubric.v1
3,4,41,Needs Simple Basics,R1,rubric,cognitive_rubric.v1
2,6,71,Minor Syntax Error,R8,rubric,cognitive_rubric.v1
5,10,33,Needs Simple Basics,R2,rubric,cognitive_rubric.v1
1,2,43,Needs Simple Basics,R1,rubric,cognitive_rubric.v1
3,2,16,Needs Simple Basics,R1,rubric,cognitive_rubric.v1
2,8,33,Minor Syntax Error,R8,rubric,cognitive_rubric.v1
5,8,85,High Cognitive Load,R5,rubric_coverage_topup,cognitive_rubric.v1
2,9,47,Minor Syntax Error,R8,rubric,cognitive_rubric.v1
5,7,77,High Cognitive Load,R5,rubric,cognitive_rubric.v1
1,4,56,Minor Syntax Error,R8,rubric,cognitive_rubric.v1
4,8,53,High Cognitive Load,R6,rubric,cognitive_rubric.v1
1,3,68,Minor Syntax Error,R8,rubric,cognitive_rubric.v1
2,11,65,Minor Syntax Error,R8,rubric,cognitive_rubric.v1
4,2,42,Needs Simple Basics,R1,rubric,cognitive_rubric.v1
3,11,48,High Cognitive Load,R4,rubric,cognitive_rubric.v1
3,17,83,High Cognitive Load,R4,rubric,cognitive_rubric.v1
6,7,37,Needs Simple Basics,R2,rubric,cognitive_rubric.v1
5,2,60,Needs Simple Basics,R3,rubric,cognitive_rubric.v1
5,6,28,Needs Simple Basics,R1,rubric,cognitive_rubric.v1
1,2,77,Minor Syntax Error,R8,rubric,cognitive_rubric.v1
2,2,60,Minor Syntax Error,R8,rubric,cognitive_rubric.v1
1,5,89,Minor Syntax Error,R8,rubric,cognitive_rubric.v1
4,12,48,High Cognitive Load,R4,rubric,cognitive_rubric.v1
1,14,46,High Cognitive Load,R7,rubric_coverage_topup,cognitive_rubric.v1
4,16,31,High Cognitive Load,R4,rubric,cognitive_rubric.v1
1,6,58,Minor Syntax Error,R8,rubric,cognitive_rubric.v1
3,7,42,High Cognitive Load,R6,rubric,cognitive_rubric.v1
2,2,54,Minor Syntax Error,R8,rubric,cognitive_rubric.v1
1,4,83,Minor Syntax Error,R8,rubric,cognitive_rubric.v1
3,13,46,High Cognitive Load,R4,rubric,cognitive_rubric.v1
4,4,51,Needs Simple Basics,R3,rubric,cognitive_rubric.v1
3,5,56,Needs Simple Basics,R3,rubric,cognitive_rubric.v1
3,5,41,Needs Simple Basics,R1,rubric,cognitive_rubric.v1
2,6,79,Minor Syntax Error,R8,rubric,cognitive_rubric.v1
1,20,66,High Cognitive Load,R7,rubric_coverage_topup,cognitive_rubric.v1
3,2,54,Needs Simple Basics,R3,rubric,cognitive_rubric.v1
4,20,61,High Cognitive Load,R4,rubric,cognitive_rubric.v1
3,10,58,High Cognitive Load,R4,rubric,cognitive_rubric.v1
3,7,52,High Cognitive Load,R6,rubric,cognitive_rubric.v1
3,5,64,Needs Simple Basics,R3,rubric,cognitive_rubric.v1
2,14,44,High Cognitive Load,R7,rubric_coverage_topup,cognitive_rubric.v1
2,5,62,Minor Syntax Error,R8,rubric,cognitive_rubric.v1
3,10,75,High Cognitive Load,R4,rubric,cognitive_rubric.v1
1,5,90,Minor Syntax Error,R8,rubric,cognitive_rubric.v1
4,18,100,High Cognitive Load,R4,rubric,cognitive_rubric.v1
2,8,46,Minor Syntax Error,R8,rubric,cognitive_rubric.v1
2,17,74,High Cognitive Load,R7,rubric_coverage_topup,cognitive_rubric.v1
1,4,50,Minor Syntax Error,R8,rubric,cognitive_rubric.v1
2,5,71,Minor Syntax Error,R8,rubric,cognitive_rubric.v1
2,15,44,High Cognitive Load,R7,rubric,cognitive_rubric.v1
5,7,36,Needs Simple Basics,R2,rubric,cognitive_rubric.v1
4,18,47,High Cognitive Load,R4,rubric,cognitive_rubric.v1
1,20,61,High Cognitive Load,R7,rubric_coverage_topup,cognitive_rubric.v1
2,16,67,High Cognitive Load,R7,rubric_coverage_topup,cognitive_rubric.v1
4,2,52,Needs Simple Basics,R3,rubric,cognitive_rubric.v1
2,7,44,Minor Syntax Error,R8,rubric,cognitive_rubric.v1
4,7,66,High Cognitive Load,R5,rubric,cognitive_rubric.v1
2,7,36,Minor Syntax Error,R8,rubric,cognitive_rubric.v1
4,2,36,Needs Simple Basics,R1,rubric,cognitive_rubric.v1
4,8,86,High Cognitive Load,R5,rubric_coverage_topup,cognitive_rubric.v1
4,4,73,Needs Simple Basics,R3,rubric,cognitive_rubric.v1
3,8,62,High Cognitive Load,R6,rubric,cognitive_rubric.v1
6,20,56,Needs Simple Basics,R2,rubric,cognitive_rubric.v1
4,5,83,Needs Simple Basics,R3,rubric,cognitive_rubric.v1
5,6,42,Needs Simple Basics,R1,rubric,cognitive_rubric.v1
5,20,38,Needs Simple Basics,R2,rubric,cognitive_rubric.v1
1,1,98,Minor Syntax Error,R8,rubric,cognitive_rubric.v1
2,7,62,Minor Syntax Error,R8,rubric,cognitive_rubric.v1
2,7,63,Minor Syntax Error,R8,rubric,cognitive_rubric.v1
2,3,38,Needs Simple Basics,R1,rubric,cognitive_rubric.v1
3,18,58,High Cognitive Load,R4,rubric,cognitive_rubric.v1
4,7,83,High Cognitive Load,R5,rubric_coverage_topup,cognitive_rubric.v1
2,1,60,Minor Syntax Error,R8,rubric,cognitive_rubric.v1
4,6,48,Needs Simple Basics,R3,rubric,cognitive_rubric.v1
4,8,47,High Cognitive Load,R6,rubric,cognitive_rubric.v1
1,8,47,Minor Syntax Error,R8,rubric,cognitive_rubric.v1
4,8,65,High Cognitive Load,R5,rubric_coverage_topup,cognitive_rubric.v1
3,7,40,High Cognitive Load,R6,rubric,cognitive_rubric.v1
2,3,28,Needs Simple Basics,R1,rubric,cognitive_rubric.v1
5,9,68,High Cognitive Load,R5,rubric,cognitive_rubric.v1
2,4,53,Minor Syntax Error,R8,rubric,cognitive_rubric.v1
6,10,39,Needs Simple Basics,R2,rubric,cognitive_rubric.v1
2,6,62,Minor Syntax Error,R8,rubric,cognitive_rubric.v1
1,1,46,Minor Syntax Error,R8,rubric,cognitive_rubric.v1
2,9,77,Minor Syntax Error,R8,rubric,cognitive_rubric.v1
3,8,35,High Cognitive Load,R6,rubric,cognitive_rubric.v1
3,6,37,Needs Simple Basics,R1,rubric,cognitive_rubric.v1
5,6,49,Needs Simple Basics,R2,rubric,cognitive_rubric.v1
1,6,43,Needs Simple Basics,R1,rubric,cognitive_rubric.v1
3,6,68,Needs Simple Basics,R3,rubric,cognitive_rubric.v1
4,12,46,High Cognitive Load,R4,rubric,cognitive_rubric.v1
1,5,65,Minor Syntax Error,R8,rubric,cognitive_rubric.v1
3,11,61,High Cognitive Load,R4,rubric,cognitive_rubric.v1
1,2,64,Minor Syntax Error,R8,rubric,cognitive_rubric.v1
5,20,85,High Cognitive Load,R4,rubric,cognitive_rubric.v1
2,2,55,Minor Syntax Error,R8,rubric,cognitive_rubric.v1
2,4,54,Minor Syntax Error,R8,rubric,cognitive_rubric.v1
2,4,77,Minor Syntax Error,R8,rubric,cognitive_rubric.v1
3,20,27,High Cognitive Load,R4,rubric,cognitive_rubric.v1
3,7,36,High Cognitive Load,R6,rubric,cognitive_rubric.v1
2,8,58,Minor Syntax Error,R8,rubric,cognitive_rubric.v1
3,7,65,High Cognitive Load,R6,rubric,cognitive_rubric.v1
2,2,27,Needs Simple Basics,R1,rubric,cognitive_rubric.v1
1,4,50,Minor Syntax Error,R8,rubric,cognitive_rubric.v1
1,4,79,Minor Syntax Error,R8,rubric,cognitive_rubric.v1
4,2,67,Needs Simple Basics,R3,rubric,cognitive_rubric.v1
2,5,56,Minor Syntax Error,R8,rubric,cognitive_rubric.v1
5,11,33,Needs Simple Basics,R2,rubric,cognitive_rubric.v1
1,2,81,Minor Syntax Error,R8,rubric,cognitive_rubric.v1
3,9,49,High Cognitive Load,R6,rubric,cognitive_rubric.v1
1,1,58,Minor Syntax Error,R8,rubric,cognitive_rubric.v1
2,8,38,Minor Syntax Error,R8,rubric,cognitive_rubric.v1
4,5,50,Needs Simple Basics,R3,rubric,cognitive_rubric.v1
3,7,66,High Cognitive Load,R6,rubric,cognitive_rubric.v1
2,9,47,Minor Syntax Error,R8,rubric,cognitive_rubric.v1
1,5,52,Minor Syntax Error,R8,rubric,cognitive_rubric.v1
2,6,45,Minor Syntax Error,R8,rubric,cognitive_rubric.v1
1,5,29,Needs Simple Basics,R1,rubric,cognitive_rubric.v1
1,1,52,Minor Syntax Error,R8,rubric,cognitive_rubric.v1
4,7,70,High Cognitive Load,R5,rubric_coverage_topup,cognitive_rubric.v1
4,4,47,Needs Simple Basics,R3,rubric,cognitive_rubric.v1
4,9,60,High Cognitive Load,R5,rubric_coverage_topup,cognitive_rubric.v1
1,10,56,Minor Syntax Error,R8,rubric,cognitive_rubric.v1
3,6,57,Needs Simple Basics,R3,rubric,cognitive_rubric.v1
4,4,58,Needs Simple Basics,R3,rubric,cognitive_rubric.v1
4,3,46,Needs Simple Basics,R3,rubric,cognitive_rubric.v1
1,5,45,Minor Syntax Error,R8,rubric,cognitive_rubric.v1
2,1,67,Minor Syntax Error,R8,rubric,cognitive_rubric.v1
3,3,76,Needs Simple Basics,R3,rubric,cognitive_rubric.v1
1,2,100,Minor Syntax Error,R8,rubric,cognitive_rubric.v1
1,6,29,Needs Simple Basics,R1,rubric,cognitive_rubric.v1
2,11,47,Minor Syntax Error,R8,rubric,cognitive_rubric.v1
1,3,65,Minor Syntax Error,R8,rubric,cognitive_rubric.v1
1,5,37,Needs Simple Basics,R1,rubric,cognitive_rubric.v1
4,13,68,High Cognitive Load,R4,rubric,cognitive_rubric.v1
3,7,36,High Cognitive Load,R6,rubric,cognitive_rubric.v1
1,2,36,Needs Simple Basics,R1,rubric,cognitive_rubric.v1
4,8,73,High Cognitive Load,R5,rubric_coverage_topup,cognitive_rubric.v1
1,7,68,Minor Syntax Error,R8,rubric,cognitive_rubric.v1
5,7,51,Needs Simple Basics,R2,rubric,cognitive_rubric.v1
1,3,56,Minor Syntax Error,R8,rubric,cognitive_rubric.v1
1,8,71,Minor Syntax Error,R8,rubric,cognitive_rubric.v1
6,5,86,Needs Simple Basics,R3,rubric,cognitive_rubric.v1
1,14,76,Minor Syntax Error,R8,rubric,cognitive_rubric.v1
4,4,27,Needs Simple Basics,R1,rubric,cognitive_rubric.v1
1,1,73,Minor Syntax Error,R8,rubric,cognitive_rubric.v1
4,15,44,High Cognitive Load,R4,rubric,cognitive_rubric.v1
2,11,100,Minor Syntax Error,R8,rubric,cognitive_rubric.v1
2,9,74,Minor Syntax Error,R8,rubric,cognitive_rubric.v1
3,3,48,Needs Simple Basics,R3,rubric,cognitive_rubric.v1
3,4,99,Needs Simple Basics,R3,rubric,cognitive_rubric.v1
2,4,70,Minor Syntax Error,R8,rubric,cognitive_rubric.v1
2,1,57,Minor Syntax Error,R8,rubric,cognitive_rubric.v1
1,2,56,Minor Syntax Error,R8,rubric,cognitive_rubric.v1
3,6,40,Needs Simple Basics,R1,rubric,cognitive_rubric.v1
1,1,53,Minor Syntax Error,R8,rubric,cognitive_rubric.v1
4,12,81,High Cognitive Load,R4,rubric,cognitive_rubric.v1
3,8,39,High Cognitive Load,R6,rubric_coverage_topup,cognitive_rubric.v1
1,6,43,Needs Simple Basics,R1,rubric,cognitive_rubric.v1
3,9,65,High Cognitive Load,R6,rubric,cognitive_rubric.v1
3,10,39,High Cognitive Load,R4,rubric,cognitive_rubric.v1
4,20,40,High Cognitive Load,R4,rubric,cognitive_rubric.v1
2,10,45,Minor Syntax Error,R8,rubric,cognitive_rubric.v1
3,5,87,Needs Simple Basics,R3,rubric,cognitive_rubric.v1
3,2,32,Needs Simple Basics,R1,rubric,cognitive_rubric.v1
3,3,45,Needs Simple Basics,R3,rubric,cognitive_rubric.v1
4,1,11,Needs Simple Basics,R1,rubric,cognitive_rubric.v1
5,9,68,High Cognitive Load,R5,rubric_coverage_topup,cognitive_rubric.v1
1,2,75,Minor Syntax Error,R8,rubric,cognitive_rubric.v1
2,1,57,Minor Syntax Error,R8,rubric,cognitive_rubric.v1
1,6,55,Minor Syntax Error,R8,rubric,cognitive_rubric.v1
3,1,47,Needs Simple Basics,R3,rubric,cognitive_rubric.v1
2,1,22,Needs Simple Basics,R1,rubric,cognitive_rubric.v1
3,6,38,Needs Simple Basics,R1,rubric,cognitive_rubric.v1
3,7,25,High Cognitive Load,R6,rubric,cognitive_rubric.v1
5,9,79,High Cognitive Load,R5,rubric_coverage_topup,cognitive_rubric.v1
4,3,78,Needs Simple Basics,R3,rubric,cognitive_rubric.v1
2,2,53,Minor Syntax Error,R8,rubric,cognitive_rubric.v1
3,5,59,Needs Simple Basics,R3,rubric,cognitive_rubric.v1
6,14,30,Needs Simple Basics,R2,rubric,cognitive_rubric.v1
1,2,89,Minor Syntax Error,R8,rubric,cognitive_rubric.v1
4,9,77,High Cognitive Load,R5,rubric_coverage_topup,cognitive_rubric.v1
1,13,62,High Cognitive Load,R7,rubric,cognitive_rubric.v1
2,13,47,High Cognitive Load,R7,rubric_coverage_topup,cognitive_rubric.v1
3,13,57,High Cognitive Load,R4,rubric,cognitive_rubric.v1
2,6,68,Minor Syntax Error,R8,rubric,cognitive_rubric.v1
2,6,61,Minor Syntax Error,R8,rubric,cognitive_rubric.v1
5,16,46,Needs Simple Basics,R2,rubric,cognitive_rubric.v1
4,3,17,Needs Simple Basics,R1,rubric,cognitive_rubric.v1
1,3,53,Minor Syntax Error,R8,rubric,cognitive_rubric.v1
3,7,79,High Cognitive Load,R6,rubric,cognitive_rubric.v1
3,5,64,Needs Simple Basics,R3,rubric,cognitive_rubric.v1
1,3,49,Minor Syntax Error,R8,rubric,cognitive_rubric.v1
3,10,43,High Cognitive Load,R4,rubric,cognitive_rubric.v1
5,6,54,Needs Simple Basics,R2,rubric,cognitive_rubric.v1
3,11,38,High Cognitive Load,R4,rubric,cognitive_rubric.v1
2,20,58,High Cognitive Load,R7,rubric_coverage_topup,cognitive_rubric.v1
1,8,83,Minor Syntax Error,R8,rubric,cognitive_rubric.v1
1,5,97,Minor Syntax Error,R8,rubric,cognitive_rubric.v1
4,12,65,High Cognitive Load,R4,rubric,cognitive_rubric.v1
3,6,36,Needs Simple Basics,R1,rubric,cognitive_rubric.v1
2,6,33,Needs Simple Basics,R1,rubric,cognitive_rubric.v1
5,6,14,Needs Simple Basics,R1,rubric,cognitive_rubric.v1
1,1,62,Minor Syntax Error,R8,rubric,cognitive_rubric.v1
1,2,46,Minor Syntax Error,R8,rubric,cognitive_rubric.v1
4,8,61,High Cognitive Load,R5,rubric_coverage_topup,cognitive_rubric.v1
2,3,74,Minor Syntax Error,R8,rubric,cognitive_rubric.v1
4,7,60,High Cognitive Load,R5,rubric,cognitive_rubric.v1
3,4,50,Needs Simple Basics,R3,rubric,cognitive_rubric.v1
1,2,62,Minor Syntax Error,R8,rubric,cognitive_rubric.v1
1,2,87,Minor Syntax Error,R8,rubric,cognitive_rubric.v1
2,15,62,High Cognitive Load,R7,rubric,cognitive_rubric.v1
3,6,62,Needs Simple Basics,R3,rubric,cognitive_rubric.v1
5,8,71,High Cognitive Load,R5,rubric_coverage_topup,cognitive_rubric.v1
4,2,82,Needs Simple Basics,R3,rubric,cognitive_rubric.v1
1,7,54,Minor Syntax Error,R8,rubric,cognitive_rubric.v1
2,3,36,Needs Simple Basics,R1,rubric,cognitive_rubric.v1
5,9,57,Needs Simple Basics,R2,rubric,cognitive_rubric.v1
3,7,30,High Cognitive Load,R6,rubric,cognitive_rubric.v1
2,3,41,Needs Simple Basics,R1,rubric,cognitive_rubric.v1
5,20,59,Needs Simple Basics,R2,rubric,cognitive_rubric.v1
2,5,25,Needs Simple Basics,R1,rubric,cognitive_rubric.v1
4,7,79,High Cognitive Load,R5,rubric_coverage_topup,cognitive_rubric.v1
4,4,52,Needs Simple Basics,R3,rubric,cognitive_rubric.v1
1,2,61,Minor Syntax Error,R8,rubric,cognitive_rubric.v1
2,3,35,Needs Simple Basics,R1,rubric,cognitive_rubric.v1
1,5,72,Minor Syntax Error,R8,rubric,cognitive_rubric.v1
3,13,96,High Cognitive Load,R4,rubric,cognitive_rubric.v1
4,6,44,Needs Simple Basics,R1,rubric,cognitive_rubric.v1
3,3,73,Needs Simple Basics,R3,rubric,cognitive_rubric.v1
5,3,29,Needs Simple Basics,R1,rubric,cognitive_rubric.v1
1,2,59,Minor Syntax Error,R8,rubric,cognitive_rubric.v1
1,8,63,Minor Syntax Error,R8,rubric,cognitive_rubric.v1
1,4,81,Minor Syntax Error,R8,rubric,cognitive_rubric.v1
2,2,56,Minor Syntax Error,R8,rubric,cognitive_rubric.v1
2,3,64,Minor Syntax Error,R8,rubric,cognitive_rubric.v1
1,2,22,Needs Simple Basics,R1,rubric,cognitive_rubric.v1
2,7,60,Minor Syntax Error,R8,rubric,cognitive_rubric.v1
4,7,80,High Cognitive Load,R5,rubric_coverage_topup,cognitive_rubric.v1
2,4,32,Needs Simple Basics,R1,rubric,cognitive_rubric.v1
2,1,28,Needs Simple Basics,R1,rubric,cognitive_rubric.v1
3,7,49,High Cognitive Load,R6,rubric,cognitive_rubric.v1
3,7,100,High Cognitive Load,R6,rubric,cognitive_rubric.v1
3,5,42,Needs Simple Basics,R1,rubric,cognitive_rubric.v1
1,2,69,Minor Syntax Error,R8,rubric,cognitive_rubric.v1
5,2,57,Needs Simple Basics,R2,rubric,cognitive_rubric.v1
4,11,64,High Cognitive Load,R4,rubric,cognitive_rubric.v1
7,19,28,Needs Simple Basics,R2,rubric,cognitive_rubric.v1
3,4,53,Needs Simple Basics,R3,rubric,cognitive_rubric.v1
1,2,74,Minor Syntax Error,R8,rubric,cognitive_rubric.v1
3,6,66,Needs Simple Basics,R3,rubric,cognitive_rubric.v1
4,1,62,Needs Simple Basics,R3,rubric,cognitive_rubric.v1
4,3,63,Needs Simple Basics,R3,rubric,cognitive_rubric.v1
3,12,38,High Cognitive Load,R4,rubric,cognitive_rubric.v1
3,4,35,Needs Simple Basics,R1,rubric,cognitive_rubric.v1
4,6,38,Needs Simple Basics,R1,rubric,cognitive_rubric.v1
2,3,50,Minor Syntax Error,R8,rubric,cognitive_rubric.v1
1,5,65,Minor Syntax Error,R8,rubric,cognitive_rubric.v1
4,7,48,High Cognitive Load,R6,rubric,cognitive_rubric.v1
3,11,44,High Cognitive Load,R4,rubric,cognitive_rubric.v1
1,3,49,Minor Syntax Error,R8,rubric,cognitive_rubric.v1
2,14,27,High Cognitive Load,R7,rubric_coverage_topup,cognitive_rubric.v1
3,2,32,Needs Simple Basics,R1,rubric,cognitive_rubric.v1
3,3,62,Needs Simple Basics,R3,rubric,cognitive_rubric.v1
4,7,45,High Cognitive Load,R6,rubric,cognitive_rubric.v1
4,3,11,Needs Simple Basics,R1,rubric,cognitive_rubric.v1
2,20,36,High Cognitive Load,R7,rubric_coverage_topup,cognitive_rubric.v1
4,5,10,Needs Simple Basics,R1,rubric,cognitive_rubric.v1
1,8,64,Minor Syntax Error,R8,rubric,cognitive_rubric.v1
1,4,70,Minor Syntax Error,R8,rubric,cognitive_rubric.v1
2,3,57,Minor Syntax Error,R8,rubric,cognitive_rubric.v1
1,7,77,Minor Syntax Error,R8,rubric,cognitive_rubric.v1
5,4,78,Needs Simple Basics,R3,rubric,cognitive_rubric.v1
1,4,74,Minor Syntax Error,R8,rubric,cognitive_rubric.v1
5,9,65,High Cognitive Load,R5,rubric,cognitive_rubric.v1
4,6,41,Needs Simple Basics,R1,rubric,cognitive_rubric.v1
3,3,71,Needs Simple Basics,R3,rubric,cognitive_rubric.v1
2,2,64,Minor Syntax Error,R8,rubric,cognitive_rubric.v1
2,6,69,Minor Syntax Error,R8,rubric,cognitive_rubric.v1
4,3,34,Needs Simple Basics,R1,rubric,cognitive_rubric.v1
2,16,58,High Cognitive Load,R7,rubric_coverage_topup,cognitive_rubric.v1
4,7,40,High Cognitive Load,R6,rubric_coverage_topup,cognitive_rubric.v1
1,4,61,Minor Syntax Error,R8,rubric,cognitive_rubric.v1
4,7,65,High Cognitive Load,R5,rubric_coverage_topup,cognitive_rubric.v1
3,5,50,Needs Simple Basics,R3,rubric,cognitive_rubric.v1
2,3,56,Minor Syntax Error,R8,rubric,cognitive_rubric.v1
1,4,87,Minor Syntax Error,R8,rubric,cognitive_rubric.v1
5,9,60,High Cognitive Load,R5,rubric_coverage_topup,cognitive_rubric.v1
2,14,38,High Cognitive Load,R7,rubric_coverage_topup,cognitive_rubric.v1
5,10,42,Needs Simple Basics,R2,rubric,cognitive_rubric.v1
5,8,63,High Cognitive Load,R5,rubric_coverage_topup,cognitive_rubric.v1
3,8,20,High Cognitive Load,R6,rubric,cognitive_rubric.v1
3,8,57,High Cognitive Load,R6,rubric_coverage_topup,cognitive_rubric.v1
2,3,61,Minor Syntax Error,R8,rubric,cognitive_rubric.v1
3,9,73,High Cognitive Load,R6,rubric,cognitive_rubric.v1
2,4,82,Minor Syntax Error,R8,rubric,cognitive_rubric.v1
2,20,92,Minor Syntax Error,R8,rubric,cognitive_rubric.v1
2,5,65,Minor Syntax Error,R8,rubric,cognitive_rubric.v1
3,1,22,Needs Simple Basics,R1,rubric,cognitive_rubric.v1
1,20,61,High Cognitive Load,R7,rubric_coverage_topup,cognitive_rubric.v1
5,20,65,High Cognitive Load,R4,rubric,cognitive_rubric.v1
1,12,42,High Cognitive Load,R7,rubric,cognitive_rubric.v1
1,4,39,Needs Simple Basics,R1,rubric,cognitive_rubric.v1
3,7,53,High Cognitive Load,R6,rubric,cognitive_rubric.v1
1,2,64,Minor Syntax Error,R8,rubric,cognitive_rubric.v1
2,4,60,Minor Syntax Error,R8,rubric,cognitive_rubric.v1
1,9,76,Minor Syntax Error,R8,rubric,cognitive_rubric.v1
1,9,28,Minor Syntax Error,R8,rubric,cognitive_rubric.v1
1,10,54,Minor Syntax Error,R8,rubric,cognitive_rubric.v1
3,20,61,High Cognitive Load,R4,rubric,cognitive_rubric.v1
1,4,81,Minor Syntax Error,R8,rubric,cognitive_rubric.v1
1,5,42,Needs Simple Basics,R1,rubric,cognitive_rubric.v1
1,5,99,Minor Syntax Error,R8,rubric,cognitive_rubric.v1
4,1,51,Needs Simple Basics,R3,rubric,cognitive_rubric.v1
5,8,41,Needs Simple Basics,R2,rubric,cognitive_rubric.v1
1,2,64,Minor Syntax Error,R8,rubric,cognitive_rubric.v1
2,5,35,Needs Simple Basics,R1,rubric,cognitive_rubric.v1
1,7,82,Minor Syntax Error,R8,rubric,cognitive_rubric.v1
2,4,49,Minor Syntax Error,R8,rubric,cognitive_rubric.v1
3,2,34,Needs Simple Basics,R1,rubric,cognitive_rubric.v1
3,4,75,Needs Simple Basics,R3,rubric,cognitive_rubric.v1
2,6,39,Needs Simple Basics,R1,rubric,cognitive_rubric.v1
2,5,50,Minor Syntax Error,R8,rubric,cognitive_rubric.v1
4,8,12,High Cognitive Load,R6,rubric,cognitive_rubric.v1
4,7,76,High Cognitive Load,R5,rubric_coverage_topup,cognitive_rubric.v1
3,5,56,Needs Simple Basics,R3,rubric,cognitive_rubric.v1
4,4,59,Needs Simple Basics,R3,rubric,cognitive_rubric.v1
1,1,63,Minor Syntax Error,R8,rubric,cognitive_rubric.v1
1,9,73,Minor Syntax Error,R8,rubric,cognitive_rubric.v1
1,3,22,Needs Simple Basics,R1,rubric,cognitive_rubric.v1
4,16,40,High Cognitive Load,R4,rubric,cognitive_rubric.v1
1,2,49,Minor Syntax Error,R8,rubric,cognitive_rubric.v1
6,8,57,Needs Simple Basics,R2,rubric,cognitive_rubric.v1
6,19,64,High Cognitive Load,R4,rubric,cognitive_rubric.v1
2,2,17,Needs Simple Basics,R1,rubric,cognitive_rubric.v1
1,1,57,Minor Syntax Error,R8,rubric,cognitive_rubric.v1
1,3,78,Minor Syntax Error,R8,rubric,cognitive_rubric.v1
4,13,62,High Cognitive Load,R4,rubric,cognitive_rubric.v1
3,8,95,High Cognitive Load,R6,rubric,cognitive_rubric.v1
4,17,37,High Cognitive Load,R4,rubric,cognitive_rubric.v1
5,15,27,Needs Simple Basics,R2,rubric,cognitive_rubric.v1
4,5,17,Needs Simple Basics,R1,rubric,cognitive_rubric.v1
2,2,47,Minor Syntax Error,R8,rubric,cognitive_rubric.v1
2,5,48,Minor Syntax Error,R8,rubric,cognitive_rubric.v1
1,2,86,Minor Syntax Error,R8,rubric,cognitive_rubric.v1
2,2,53,Minor Syntax Error,R8,rubric,cognitive_rubric.v1
2,1,53,Minor Syntax Error,R8,rubric,cognitive_rubric.v1
3,4,46,Needs Simple Basics,R3,rubric,cognitive_rubric.v1
3,12,55,High Cognitive Load,R4,rubric,cognitive_rubric.v1
4,18,44,High Cognitive Load,R4,rubric,cognitive_rubric.v1
3,15,27,High Cognitive Load,R4,rubric,cognitive_rubric.v1
1,7,52,Minor Syntax Error,R8,rubric,cognitive_rubric.v1
2,13,60,High Cognitive Load,R7,rubric,cognitive_rubric.v1
2,20,67,High Cognitive Load,R7,rubric_coverage_topup,cognitive_rubric.v1
4,8,65,High Cognitive Load,R5,rubric,cognitive_rubric.v1
3,12,41,High Cognitive Load,R4,rubric,cognitive_rubric.v1
5,10,7,Needs Simple Basics,R2,rubric,cognitive_rubric.v1
3,1,44,Needs Simple Basics,R1,rubric,cognitive_rubric.v1
1,1,40,Needs Simple Basics,R1,rubric,cognitive_rubric.v1
6,9,66,High Cognitive Load,R5,rubric,cognitive_rubric.v1
1,4,38,Needs Simple Basics,R1,rubric,cognitive_rubric.v1
1,6,61,Minor Syntax Error,R8,rubric,cognitive_rubric.v1
3,5,63,Needs Simple Basics,R3,rubric,cognitive_rubric.v1
2,14,36,High Cognitive Load,R7,rubric_coverage_topup,cognitive_rubric.v1
3,4,61,Needs Simple Basics,R3,rubric,cognitive_rubric.v1
4,9,86,High Cognitive Load,R5,rubric_coverage_topup,cognitive_rubric.v1
7,8,22,Needs Simple Basics,R2,rubric,cognitive_rubric.v1
1,4,52,Minor Syntax Error,R8,rubric,cognitive_rubric.v1
3,20,65,High Cognitive Load,R4,rubric,cognitive_rubric.v1
4,8,63,High Cognitive Load,R5,rubric_coverage_topup,cognitive_rubric.v1
5,20,66,High Cognitive Load,R4,rubric,cognitive_rubric.v1
2,12,60,High Cognitive Load,R7,rubric_coverage_topup,cognitive_rubric.v1
1,5,65,Minor Syntax Error,R8,rubric,cognitive_rubric.v1
1,4,48,Minor Syntax Error,R8,rubric,cognitive_rubric.v1
3,5,36,Needs Simple Basics,R1,rubric,cognitive_rubric.v1
3,15,41,High Cognitive Load,R4,rubric,cognitive_rubric.v1
4,9,60,High Cognitive Load,R5,rubric_coverage_topup,cognitive_rubric.v1
5,6,72,Needs Simple Basics,R3,rubric,cognitive_rubric.v1
5,6,56,Needs Simple Basics,R2,rubric,cognitive_rubric.v1
5,4,31,Needs Simple Basics,R1,rubric,cognitive_rubric.v1
5,3,0,Needs Simple Basics,R1,rubric,cognitive_rubric.v1
3,20,56,High Cognitive Load,R4,rubric,cognitive_rubric.v1
2,4,46,Minor Syntax Error,R8,rubric,cognitive_rubric.v1
3,1,78,Needs Simple Basics,R3,rubric,cognitive_rubric.v1
6,8,81,High Cognitive Load,R5,rubric_coverage_topup,cognitive_rubric.v1
2,11,67,Minor Syntax Error,R8,rubric,cognitive_rubric.v1
3,7,74,High Cognitive Load,R6,rubric,cognitive_rubric.v1
1,1,87,Minor Syntax Error,R8,rubric,cognitive_rubric.v1
2,1,77,Minor Syntax Error,R8,rubric,cognitive_rubric.v1
2,3,45,Minor Syntax Error,R8,rubric,cognitive_rubric.v1
1,1,38,Needs Simple Basics,R1,rubric,cognitive_rubric.v1
1,4,79,Minor Syntax Error,R8,rubric,cognitive_rubric.v1
3,1,46,Needs Simple Basics,R3,rubric,cognitive_rubric.v1
1,3,82,Minor Syntax Error,R8,rubric,cognitive_rubric.v1
3,4,31,Needs Simple Basics,R1,rubric,cognitive_rubric.v1
2,3,89,Minor Syntax Error,R8,rubric,cognitive_rubric.v1
6,20,38,Needs Simple Basics,R2,rubric,cognitive_rubric.v1
2,3,47,Minor Syntax Error,R8,rubric,cognitive_rubric.v1
2,6,42,Needs Simple Basics,R1,rubric,cognitive_rubric.v1
4,2,70,Needs Simple Basics,R3,rubric,cognitive_rubric.v1
1,4,81,Minor Syntax Error,R8,rubric,cognitive_rubric.v1
3,1,67,Needs Simple Basics,R3,rubric,cognitive_rubric.v1
3,1,47,Needs Simple Basics,R3,rubric,cognitive_rubric.v1
3,2,49,Needs Simple Basics,R3,rubric,cognitive_rubric.v1
5,20,51,Needs Simple Basics,R2,rubric,cognitive_rubric.v1
4,15,19,High Cognitive Load,R4,rubric,cognitive_rubric.v1
3,5,42,Needs Simple Basics,R1,rubric,cognitive_rubric.v1
7,13,77,High Cognitive Load,R4,rubric,cognitive_rubric.v1
4,14,53,High Cognitive Load,R4,rubric,cognitive_rubric.v1
1,7,100,Minor Syntax Error,R8,rubric,cognitive_rubric.v1
3,4,30,Needs Simple Basics,R1,rubric,cognitive_rubric.v1
2,9,100,Minor Syntax Error,R8,rubric,cognitive_rubric.v1
1,6,34,Needs Simple Basics,R1,rubric,cognitive_rubric.v1
2,8,54,Minor Syntax Error,R8,rubric,cognitive_rubric.v1
4,8,47,High Cognitive Load,R6,rubric_coverage_topup,cognitive_rubric.v1
5,10,88,High Cognitive Load,R4,rubric,cognitive_rubric.v1
1,2,46,Minor Syntax Error,R8,rubric,cognitive_rubric.v1
1,4,82,Minor Syntax Error,R8,rubric,cognitive_rubric.v1
1,6,60,Minor Syntax Error,R8,rubric,cognitive_rubric.v1
4,9,70,High Cognitive Load,R5,rubric_coverage_topup,cognitive_rubric.v1
3,8,38,High Cognitive Load,R6,rubric,cognitive_rubric.v1
4,10,90,High Cognitive Load,R4,rubric,cognitive_rubric.v1
2,5,43,Needs Simple Basics,R1,rubric,cognitive_rubric.v1
4,4,43,Needs Simple Basics,R1,rubric,cognitive_rubric.v1
2,6,68,Minor Syntax Error,R8,rubric,cognitive_rubric.v1
1,4,83,Minor Syntax Error,R8,rubric,cognitive_rubric.v1
2,1,74,Minor Syntax Error,R8,rubric,cognitive_rubric.v1
6,20,15,Needs Simple Basics,R2,rubric,cognitive_rubric.v1
3,2,60,Needs Simple Basics,R3,rubric,cognitive_rubric.v1
4,2,34,Needs Simple Basics,R1,rubric,cognitive_rubric.v1
2,8,76,Minor Syntax Error,R8,rubric,cognitive_rubric.v1
1,3,51,Minor Syntax Error,R8,rubric,cognitive_rubric.v1
2,4,58,Minor Syntax Error,R8,rubric,cognitive_rubric.v1
6,2,14,Needs Simple Basics,R1,rubric,cognitive_rubric.v1
3,4,45,Needs Simple Basics,R3,rubric,cognitive_rubric.v1
4,8,68,High Cognitive Load,R5,rubric,cognitive_rubric.v1
3,2,45,Needs Simple Basics,R3,rubric,cognitive_rubric.v1
1,4,71,Minor Syntax Error,R8,rubric,cognitive_rubric.v1
4,9,31,High Cognitive Load,R6,rubric,cognitive_rubric.v1
1,1,63,Minor Syntax Error,R8,rubric,cognitive_rubric.v1
2,2,72,Minor Syntax Error,R8,rubric,cognitive_rubric.v1
2,4,60,Minor Syntax Error,R8,rubric,cognitive_rubric.v1
5,8,60,High Cognitive Load,R5,rubric_coverage_topup,cognitive_rubric.v1
2,4,44,Needs Simple Basics,R1,rubric,cognitive_rubric.v1
1,2,64,Minor Syntax Error,R8,rubric,cognitive_rubric.v1
1,1,67,Minor Syntax Error,R8,rubric,cognitive_rubric.v1
1,12,66,High Cognitive Load,R7,rubric_coverage_topup,cognitive_rubric.v1
1,2,75,Minor Syntax Error,R8,rubric,cognitive_rubric.v1
2,1,64,Minor Syntax Error,R8,rubric,cognitive_rubric.v1
3,9,75,High Cognitive Load,R6,rubric,cognitive_rubric.v1
1,4,61,Minor Syntax Error,R8,rubric,cognitive_rubric.v1
2,3,53,Minor Syntax Error,R8,rubric,cognitive_rubric.v1
3,2,41,Needs Simple Basics,R1,rubric,cognitive_rubric.v1
3,15,62,High Cognitive Load,R4,rubric,cognitive_rubric.v1
4,4,27,Needs Simple Basics,R1,rubric,cognitive_rubric.v1
1,1,91,Minor Syntax Error,R8,rubric,cognitive_rubric.v1
5,8,42,Needs Simple Basics,R2,rubric,cognitive_rubric.v1
2,2,54,Minor Syntax Error,R8,rubric,cognitive_rubric.v1
1,8,62,Minor Syntax Error,R8,rubric,cognitive_rubric.v1
2,12,47,High Cognitive Load,R7,rubric_coverage_topup,cognitive_rubric.v1
4,15,42,High Cognitive Load,R4,rubric,cognitive_rubric.v1
4,7,72,High Cognitive Load,R5,rubric_coverage_topup,cognitive_rubric.v1
3,3,27,Needs Simple Basics,R1,rubric,cognitive_rubric.v1
3,8,65,High Cognitive Load,R6,rubric,cognitive_rubric.v1
2,20,45,High Cognitive Load,R7,rubric_coverage_topup,cognitive_rubric.v1
3,2,28,Needs Simple Basics,R1,rubric,cognitive_rubric.v1
3,2,59,Needs Simple Basics,R3,rubric,cognitive_rubric.v1
4,7,13,High Cognitive Load,R6,rubric,cognitive_rubric.v1
3,1,57,Needs Simple Basics,R3,rubric,cognitive_rubric.v1
3,3,42,Needs Simple Basics,R1,rubric,cognitive_rubric.v1
3,4,96,Needs Simple Basics,R3,rubric,cognitive_rubric.v1
1,1,59,Minor Syntax Error,R8,rubric,cognitive_rubric.v1
1,20,50,High Cognitive Load,R7,rubric_coverage_topup,cognitive_rubric.v1
2,11,72,Minor Syntax Error,R8,rubric,cognitive_rubric.v1
3,5,48,Needs Simple Basics,R3,rubric,cognitive_rubric.v1
1,6,46,Minor Syntax Error,R8,rubric,cognitive_rubric.v1
3,2,65,Needs Simple Basics,R3,rubric,cognitive_rubric.v1
5,8,58,Needs Simple Basics,R2,rubric,cognitive_rubric.v1
1,9,53,Minor Syntax Error,R8,rubric,cognitive_rubric.v1
6,5,40,Needs Simple Basics,R1,rubric,cognitive_rubric.v1
3,6,46,Needs Simple Basics,R3,rubric,cognitive_rubric.v1
2,5,26,Needs Simple Basics,R1,rubric,cognitive_rubric.v1
3,2,85,Needs Simple Basics,R3,rubric,cognitive_rubric.v1
1,3,66,Minor Syntax Error,R8,rubric,cognitive_rubric.v1
3,1,68,Needs Simple Basics,R3,rubric,cognitive_rubric.v1
3,3,46,Needs Simple Basics,R3,rubric,cognitive_rubric.v1
3,4,42,Needs Simple Basics,R1,rubric,cognitive_rubric.v1
3,2,49,Needs Simple Basics,R3,rubric,cognitive_rubric.v1
4,5,49,Needs Simple Basics,R3,rubric,cognitive_rubric.v1
2,20,74,High Cognitive Load,R7,rubric_coverage_topup,cognitive_rubric.v1
3,8,36,High Cognitive Load,R6,rubric_coverage_topup,cognitive_rubric.v1
4,12,37,High Cognitive Load,R4,rubric,cognitive_rubric.v1
1,1,90,Minor Syntax Error,R8,rubric,cognitive_rubric.v1
5,20,47,Needs Simple Basics,R2,rubric,cognitive_rubric.v1
3,4,20,Needs Simple Basics,R1,rubric,cognitive_rubric.v1
1,2,60,Minor Syntax Error,R8,rubric,cognitive_rubric.v1
1,9,47,Minor Syntax Error,R8,rubric,cognitive_rubric.v1
5,20,71,High Cognitive Load,R4,rubric,cognitive_rubric.v1
4,6,21,Needs Simple Basics,R1,rubric,cognitive_rubric.v1
1,3,43,Needs Simple Basics,R1,rubric,cognitive_rubric.v1
1,5,52,Minor Syntax Error,R8,rubric,cognitive_rubric.v1
3,2,54,Needs Simple Basics,R3,rubric,cognitive_rubric.v1
6,4,1,Needs Simple Basics,R1,rubric,cognitive_rubric.v1
2,7,70,Minor Syntax Error,R8,rubric,cognitive_rubric.v1
4,9,39,High Cognitive Load,R6,rubric,cognitive_rubric.v1
1,5,100,Minor Syntax Error,R8,rubric,cognitive_rubric.v1
1,7,76,Minor Syntax Error,R8,rubric,cognitive_rubric.v1
2,3,7,Needs Simple Basics,R1,rubric,cognitive_rubric.v1
2,3,80,Minor Syntax Error,R8,rubric,cognitive_rubric.v1
1,2,56,Minor Syntax Error,R8,rubric,cognitive_rubric.v1
1,5,42,Needs Simple Basics,R1,rubric,cognitive_rubric.v1
1,3,53,Minor Syntax Error,R8,rubric,cognitive_rubric.v1
4,13,74,High Cognitive Load,R4,rubric,cognitive_rubric.v1
1,20,72,High Cognitive Load,R7,rubric,cognitive_rubric.v1
2,4,25,Needs Simple Basics,R1,rubric,cognitive_rubric.v1
4,2,45,Needs Simple Basics,R3,rubric,cognitive_rubric.v1
2,8,47,Minor Syntax Error,R8,rubric,cognitive_rubric.v1
1,2,24,Needs Simple Basics,R1,rubric,cognitive_rubric.v1
1,5,54,Minor Syntax Error,R8,rubric,cognitive_rubric.v1
1,4,39,Needs Simple Basics,R1,rubric,cognitive_rubric.v1
1,4,54,Minor Syntax Error,R8,rubric,cognitive_rubric.v1
2,15,18,High Cognitive Load,R7,rubric_coverage_topup,cognitive_rubric.v1
4,1,53,Needs Simple Basics,R3,rubric,cognitive_rubric.v1
3,5,54,Needs Simple Basics,R3,rubric,cognitive_rubric.v1
1,3,39,Needs Simple Basics,R1,rubric,cognitive_rubric.v1
3,17,31,High Cognitive Load,R4,rubric,cognitive_rubric.v1
1,2,53,Minor Syntax Error,R8,rubric,cognitive_rubric.v1
2,4,58,Minor Syntax Error,R8,rubric,cognitive_rubric.v1
5,6,18,Needs Simple Basics,R1,rubric,cognitive_rubric.v1
3,7,43,High Cognitive Load,R6,rubric,cognitive_rubric.v1
6,6,20,Needs Simple Basics,R1,rubric,cognitive_rubric.v1
2,1,35,Needs Simple Basics,R1,rubric,cognitive_rubric.v1
3,10,58,High Cognitive Load,R4,rubric,cognitive_rubric.v1
4,9,60,High Cognitive Load,R5,rubric_coverage_topup,cognitive_rubric.v1
2,3,66,Minor Syntax Error,R8,rubric,cognitive_rubric.v1
1,4,61,Minor Syntax Error,R8,rubric,cognitive_rubric.v1
3,17,44,High Cognitive Load,R4,rubric,cognitive_rubric.v1
1,3,55,Minor Syntax Error,R8,rubric,cognitive_rubric.v1
4,7,61,High Cognitive Load,R5,rubric_coverage_topup,cognitive_rubric.v1
1,3,68,Minor Syntax Error,R8,rubric,cognitive_rubric.v1
1,1,75,Minor Syntax Error,R8,rubric,cognitive_rubric.v1
1,14,37,High Cognitive Load,R7,rubric_coverage_topup,cognitive_rubric.v1
4,4,67,Needs Simple Basics,R3,rubric,cognitive_rubric.v1
1,1,94,Minor Syntax Error,R8,rubric,cognitive_rubric.v1
2,14,67,High Cognitive Load,R7,rubric_coverage_topup,cognitive_rubric.v1
4,7,61,High Cognitive Load,R5,rubric_coverage_topup,cognitive_rubric.v1
3,6,74,Needs Simple Basics,R3,rubric,cognitive_rubric.v1
2,15,72,High Cognitive Load,R7,rubric,cognitive_rubric.v1
1,6,64,Minor Syntax Error,R8,rubric,cognitive_rubric.v1
5,4,55,Needs Simple Basics,R2,rubric,cognitive_rubric.v1
5,9,75,High Cognitive Load,R5,rubric_coverage_topup,cognitive_rubric.v1
3,7,29,High Cognitive Load,R6,rubric,cognitive_rubric.v1
3,10,46,High Cognitive Load,R4,rubric,cognitive_rubric.v1
1,3,54,Minor Syntax Error,R8,rubric,cognitive_rubric.v1
3,2,28,Needs Simple Basics,R1,rubric,cognitive_rubric.v1
5,8,22,Needs Simple Basics,R2,rubric,cognitive_rubric.v1
3,6,34,Needs Simple Basics,R1,rubric,cognitive_rubric.v1
6,18,38,Needs Simple Basics,R2,rubric,cognitive_rubric.v1
2,8,55,Minor Syntax Error,R8,rubric,cognitive_rubric.v1
3,6,84,Needs Simple Basics,R3,rubric,cognitive_rubric.v1
4,9,93,High Cognitive Load,R5,rubric_coverage_topup,cognitive_rubric.v1
1,1,74,Minor Syntax Error,R8,rubric,cognitive_rubric.v1
5,13,33,Needs Simple Basics,R2,rubric,cognitive_rubric.v1
4,4,34,Needs Simple Basics,R1,rubric,cognitive_rubric.v1
2,3,67,Minor Syntax Error,R8,rubric,cognitive_rubric.v1
1,5,64,Minor Syntax Error,R8,rubric,cognitive_rubric.v1
4,7,26,High Cognitive Load,R6,rubric,cognitive_rubric.v1
1,2,70,Minor Syntax Error,R8,rubric,cognitive_rubric.v1
1,5,41,Needs Simple Basics,R1,rubric,cognitive_rubric.v1
5,9,40,Needs Simple Basics,R2,rubric_coverage_topup,cognitive_rubric.v1
1,5,77,Minor Syntax Error,R8,rubric,cognitive_rubric.v1
3,3,88,Needs Simple Basics,R3,rubric,cognitive_rubric.v1
1,2,64,Minor Syntax Error,R8,rubric,cognitive_rubric.v1
1,4,58,Minor Syntax Error,R8,rubric,cognitive_rubric.v1
1,1,63,Minor Syntax Error,R8,rubric,cognitive_rubric.v1
2,1,66,Minor Syntax Error,R8,rubric,cognitive_rubric.v1
6,13,36,Needs Simple Basics,R2,rubric,cognitive_rubric.v1
3,6,61,Needs Simple Basics,R3,rubric,cognitive_rubric.v1
1,9,93,Minor Syntax Error,R8,rubric,cognitive_rubric.v1
3,14,45,High Cognitive Load,R4,rubric,cognitive_rubric.v1
1,12,58,High Cognitive Load,R7,rubric_coverage_topup,cognitive_rubric.v1
1,8,58,Minor Syntax Error,R8,rubric,cognitive_rubric.v1
4,10,25,High Cognitive Load,R4,rubric,cognitive_rubric.v1
3,3,78,Needs Simple Basics,R3,rubric,cognitive_rubric.v1
4,9,1,High Cognitive Load,R6,rubric,cognitive_rubric.v1
1,7,62,Minor Syntax Error,R8,rubric,cognitive_rubric.v1
4,5,66,Needs Simple Basics,R3,rubric,cognitive_rubric.v1
1,6,43,Needs Simple Basics,R1,rubric,cognitive_rubric.v1
3,11,58,High Cognitive Load,R4,rubric,cognitive_rubric.v1
1,7,86,Minor Syntax Error,R8,rubric,cognitive_rubric.v1
1,2,85,Minor Syntax Error,R8,rubric,cognitive_rubric.v1
1,2,55,Minor Syntax Error,R8,rubric,cognitive_rubric.v1
4,7,54,High Cognitive Load,R6,rubric,cognitive_rubric.v1
1,2,56,Minor Syntax Error,R8,rubric,cognitive_rubric.v1
1,5,75,Minor Syntax Error,R8,rubric,cognitive_rubric.v1
1,5,78,Minor Syntax Error,R8,rubric,cognitive_rubric.v1
3,1,56,Needs Simple Basics,R3,rubric,cognitive_rubric.v1
1,3,38,Needs Simple Basics,R1,rubric,cognitive_rubric.v1
2,5,51,Minor Syntax Error,R8,rubric,cognitive_rubric.v1
1,7,48,Minor Syntax Error,R8,rubric,cognitive_rubric.v1
1,1,50,Minor Syntax Error,R8,rubric,cognitive_rubric.v1
1,18,73,High Cognitive Load,R7,rubric_coverage_topup,cognitive_rubric.v1
3,4,41,Needs Simple Basics,R1,rubric,cognitive_rubric.v1
3,7,84,High Cognitive Load,R6,rubric_coverage_topup,cognitive_rubric.v1
1,4,42,Needs Simple Basics,R1,rubric,cognitive_rubric.v1
2,5,81,Minor Syntax Error,R8,rubric,cognitive_rubric.v1
5,4,52,Needs Simple Basics,R2,rubric,cognitive_rubric.v1
2,5,68,Minor Syntax Error,R8,rubric,cognitive_rubric.v1
4,7,34,High Cognitive Load,R6,rubric_coverage_topup,cognitive_rubric.v1
2,20,54,High Cognitive Load,R7,rubric_coverage_topup,cognitive_rubric.v1
1,1,55,Minor Syntax Error,R8,rubric,cognitive_rubric.v1
2,12,56,High Cognitive Load,R7,rubric_coverage_topup,cognitive_rubric.v1
1,7,35,Minor Syntax Error,R8,rubric,cognitive_rubric.v1
1,5,63,Minor Syntax Error,R8,rubric,cognitive_rubric.v1
5,20,39,Needs Simple Basics,R2,rubric,cognitive_rubric.v1
1,4,55,Minor Syntax Error,R8,rubric,cognitive_rubric.v1
6,3,63,Needs Simple Basics,R3,rubric,cognitive_rubric.v1
4,9,8,High Cognitive Load,R6,rubric,cognitive_rubric.v1
5,4,52,Needs Simple Basics,R2,rubric,cognitive_rubric.v1
4,8,60,High Cognitive Load,R5,rubric_coverage_topup,cognitive_rubric.v1
1,5,34,Needs Simple Basics,R1,rubric,cognitive_rubric.v1
3,6,62,Needs Simple Basics,R3,rubric,cognitive_rubric.v1
2,6,83,Minor Syntax Error,R8,rubric,cognitive_rubric.v1
1,3,47,Minor Syntax Error,R8,rubric,cognitive_rubric.v1
2,9,81,Minor Syntax Error,R8,rubric,cognitive_rubric.v1
5,14,48,Needs Simple Basics,R2,rubric,cognitive_rubric.v1
4,1,36,Needs Simple Basics,R1,rubric,cognitive_rubric.v1
3,12,54,High Cognitive Load,R4,rubric,cognitive_rubric.v1
2,2,28,Needs Simple Basics,R1,rubric,cognitive_rubric.v1
1,1,71,Minor Syntax Error,R8,rubric,cognitive_rubric.v1
1,5,53,Minor Syntax Error,R8,rubric,cognitive_rubric.v1
3,3,75,Needs Simple Basics,R3,rubric,cognitive_rubric.v1
5,5,90,Needs Simple Basics,R3,rubric,cognitive_rubric.v1
1,8,65,Minor Syntax Error,R8,rubric,cognitive_rubric.v1
1,4,23,Needs Simple Basics,R1,rubric,cognitive_rubric.v1
3,5,53,Needs Simple Basics,R3,rubric,cognitive_rubric.v1
3,12,37,High Cognitive Load,R4,rubric,cognitive_rubric.v1
4,8,66,High Cognitive Load,R5,rubric_coverage_topup,cognitive_rubric.v1
4,8,76,High Cognitive Load,R5,rubric,cognitive_rubric.v1
1,3,26,Needs Simple Basics,R1,rubric,cognitive_rubric.v1
2,2,69,Minor Syntax Error,R8,rubric,cognitive_rubric.v1
2,3,64,Minor Syntax Error,R8,rubric,cognitive_rubric.v1
2,14,79,Minor Syntax Error,R8,rubric,cognitive_rubric.v1
4,9,69,High Cognitive Load,R5,rubric_coverage_topup,cognitive_rubric.v1
1,3,63,Minor Syntax Error,R8,rubric,cognitive_rubric.v1
3,6,79,Needs Simple Basics,R3,rubric,cognitive_rubric.v1
4,8,70,High Cognitive Load,R5,rubric,cognitive_rubric.v1
3,2,33,Needs Simple Basics,R1,rubric,cognitive_rubric.v1
2,6,84,Minor Syntax Error,R8,rubric,cognitive_rubric.v1
3,3,67,Needs Simple Basics,R3,rubric,cognitive_rubric.v1
1,11,27,Minor Syntax Error,R8,rubric,cognitive_rubric.v1
1,1,49,Minor Syntax Error,R8,rubric,cognitive_rubric.v1
3,7,38,High Cognitive Load,R6,rubric,cognitive_rubric.v1
5,7,76,High Cognitive Load,R5,rubric,cognitive_rubric.v1
5,5,42,Needs Simple Basics,R1,rubric,cognitive_rubric.v1
2,7,80,Minor Syntax Error,R8,rubric,cognitive_rubric.v1
4,9,92,High Cognitive Load,R5,rubric_coverage_topup,cognitive_rubric.v1
1,17,66,High Cognitive Load,R7,rubric_coverage_topup,cognitive_rubric.v1
1,6,49,Minor Syntax Error,R8,rubric,cognitive_rubric.v1
4,1,14,Needs Simple Basics,R1,rubric,cognitive_rubric.v1
3,3,39,Needs Simple Basics,R1,rubric,cognitive_rubric.v1
1,4,5,Needs Simple Basics,R1,rubric,cognitive_rubric.v1
6,8,61,High Cognitive Load,R5,rubric_coverage_topup,cognitive_rubric.v1
1,5,64,Minor Syntax Error,R8,rubric,cognitive_rubric.v1
1,2,67,Minor Syntax Error,R8,rubric,cognitive_rubric.v1
1,3,67,Minor Syntax Error,R8,rubric,cognitive_rubric.v1
1,5,37,Needs Simple Basics,R1,rubric,cognitive_rubric.v1
1,3,72,Minor Syntax Error,R8,rubric,cognitive_rubric.v1
5,7,28,Needs Simple Basics,R2,rubric,cognitive_rubric.v1
1,6,70,Minor Syntax Error,R8,rubric,cognitive_rubric.v1
3,6,54,Needs Simple Basics,R3,rubric,cognitive_rubric.v1
5,9,59,Needs Simple Basics,R2,rubric,cognitive_rubric.v1
2,2,41,Needs Simple Basics,R1,rubric,cognitive_rubric.v1
4,4,36,Needs Simple Basics,R1,rubric,cognitive_rubric.v1
1,2,84,Minor Syntax Error,R8,rubric,cognitive_rubric.v1
4,3,37,Needs Simple Basics,R1,rubric,cognitive_rubric.v1
3,1,25,Needs Simple Basics,R1,rubric,cognitive_rubric.v1
4,8,74,High Cognitive Load,R5,rubric_coverage_topup,cognitive_rubric.v1
2,3,90,Minor Syntax Error,R8,rubric,cognitive_rubric.v1
4,7,68,High Cognitive Load,R5,rubric,cognitive_rubric.v1
1,9,89,Minor Syntax Error,R8,rubric,cognitive_rubric.v1
5,3,43,Needs Simple Basics,R1,rubric,cognitive_rubric.v1
4,8,77,High Cognitive Load,R5,rubric_coverage_topup,cognitive_rubric.v1
2,4,15,Needs Simple Basics,R1,rubric,cognitive_rubric.v1
4,6,44,Needs Simple Basics,R1,rubric,cognitive_rubric.v1
2,3,8,Needs Simple Basics,R1,rubric,cognitive_rubric.v1
2,2,9,Needs Simple Basics,R1,rubric,cognitive_rubric.v1
4,6,60,Needs Simple Basics,R3,rubric,cognitive_rubric.v1
3,3,48,Needs Simple Basics,R3,rubric,cognitive_rubric.v1
5,9,57,Needs Simple Basics,R2,rubric,cognitive_rubric.v1
3,8,56,High Cognitive Load,R6,rubric,cognitive_rubric.v1
3,14,36,High Cognitive Load,R4,rubric,cognitive_rubric.v1
1,4,41,Needs Simple Basics,R1,rubric,cognitive_rubric.v1
1,20,70,High Cognitive Load,R7,rubric,cognitive_rubric.v1
3,3,37,Needs Simple Basics,R1,rubric,cognitive_rubric.v1
3,8,55,High Cognitive Load,R6,rubric,cognitive_rubric.v1
1,5,88,Minor Syntax Error,R8,rubric,cognitive_rubric.v1
1,6,63,Minor Syntax Error,R8,rubric,cognitive_rubric.v1
4,1,22,Needs Simple Basics,R1,rubric,cognitive_rubric.v1
4,11,53,High Cognitive Load,R4,rubric,cognitive_rubric.v1
5,6,20,Needs Simple Basics,R1,rubric,cognitive_rubric.v1
1,10,87,Minor Syntax Error,R8,rubric,cognitive_rubric.v1
3,7,62,High Cognitive Load,R6,rubric,cognitive_rubric.v1
2,5,48,Minor Syntax Error,R8,rubric,cognitive_rubric.v1
1,13,49,High Cognitive Load,R7,rubric,cognitive_rubric.v1
2,6,86,Minor Syntax Error,R8,rubric,cognitive_rubric.v1
4,2,53,Needs Simple Basics,R3,rubric,cognitive_rubric.v1
2,5,51,Minor Syntax Error,R8,rubric,cognitive_rubric.v1
6,4,50,Needs Simple Basics,R2,rubric,cognitive_rubric.v1
2,6,32,Needs Simple Basics,R1,rubric,cognitive_rubric.v1
5,2,51,Needs Simple Basics,R2,rubric_coverage_topup,cognitive_rubric.v1
3,3,36,Needs Simple Basics,R1,rubric,cognitive_rubric.v1
1,6,91,Minor Syntax Error,R8,rubric,cognitive_rubric.v1
1,8,67,Minor Syntax Error,R8,rubric,cognitive_rubric.v1
2,12,23,High Cognitive Load,R7,rubric_coverage_topup,cognitive_rubric.v1
2,5,50,Minor Syntax Error,R8,rubric,cognitive_rubric.v1
3,1,65,Needs Simple Basics,R3,rubric,cognitive_rubric.v1
2,2,30,Needs Simple Basics,R1,rubric,cognitive_rubric.v1
3,9,49,High Cognitive Load,R6,rubric,cognitive_rubric.v1
1,5,80,Minor Syntax Error,R8,rubric,cognitive_rubric.v1
5,9,50,Needs Simple Basics,R2,rubric,cognitive_rubric.v1
1,2,43,Needs Simple Basics,R1,rubric,cognitive_rubric.v1
5,5,82,Needs Simple Basics,R3,rubric,cognitive_rubric.v1
2,5,61,Minor Syntax Error,R8,rubric,cognitive_rubric.v1
1,3,74,Minor Syntax Error,R8,rubric,cognitive_rubric.v1
3,2,65,Needs Simple Basics,R3,rubric,cognitive_rubric.v1
4,3,39,Needs Simple Basics,R1,rubric,cognitive_rubric.v1
1,1,49,Minor Syntax Error,R8,rubric,cognitive_rubric.v1
4,7,62,High Cognitive Load,R5,rubric,cognitive_rubric.v1
2,3,63,Minor Syntax Error,R8,rubric,cognitive_rubric.v1
5,7,58,Needs Simple Basics,R2,rubric,cognitive_rubric.v1
1,5,93,Minor Syntax Error,R8,rubric,cognitive_rubric.v1
1,2,77,Minor Syntax Error,R8,rubric,cognitive_rubric.v1
3,3,30,Needs Simple Basics,R1,rubric,cognitive_rubric.v1
5,20,54,Needs Simple Basics,R2,rubric,cognitive_rubric.v1
5,11,56,Needs Simple Basics,R2,rubric_coverage_topup,cognitive_rubric.v1
3,4,54,Needs Simple Basics,R3,rubric,cognitive_rubric.v1
2,4,58,Minor Syntax Error,R8,rubric,cognitive_rubric.v1
4,6,41,Needs Simple Basics,R1,rubric,cognitive_rubric.v1
1,5,73,Minor Syntax Error,R8,rubric,cognitive_rubric.v1
2,7,51,Minor Syntax Error,R8,rubric,cognitive_rubric.v1
4,5,52,Needs Simple Basics,R3,rubric,cognitive_rubric.v1
5,11,40,Needs Simple Basics,R2,rubric_coverage_topup,cognitive_rubric.v1
3,3,42,Needs Simple Basics,R1,rubric,cognitive_rubric.v1
1,16,66,High Cognitive Load,R7,rubric_coverage_topup,cognitive_rubric.v1
4,8,60,High Cognitive Load,R5,rubric_coverage_topup,cognitive_rubric.v1
4,7,73,High Cognitive Load,R5,rubric_coverage_topup,cognitive_rubric.v1
5,9,22,Needs Simple Basics,R2,rubric,cognitive_rubric.v1
5,6,80,Needs Simple Basics,R3,rubric,cognitive_rubric.v1
2,2,32,Needs Simple Basics,R1,rubric,cognitive_rubric.v1
2,11,36,Minor Syntax Error,R8,rubric,cognitive_rubric.v1
2,14,54,High Cognitive Load,R7,rubric_coverage_topup,cognitive_rubric.v1
3,2,27,Needs Simple Basics,R1,rubric,cognitive_rubric.v1
4,5,51,Needs Simple Basics,R3,rubric,cognitive_rubric.v1
6,8,36,Needs Simple Basics,R2,rubric_coverage_topup,cognitive_rubric.v1
4,3,45,Needs Simple Basics,R3,rubric,cognitive_rubric.v1
3,20,53,High Cognitive Load,R4,rubric,cognitive_rubric.v1
4,7,55,High Cognitive Load,R6,rubric,cognitive_rubric.v1
2,4,71,Minor Syntax Error,R8,rubric,cognitive_rubric.v1
1,12,51,High Cognitive Load,R7,rubric_coverage_topup,cognitive_rubric.v1
1,9,70,Minor Syntax Error,R8,rubric,cognitive_rubric.v1
6,12,42,Needs Simple Basics,R2,rubric_coverage_topup,cognitive_rubric.v1
4,10,81,High Cognitive Load,R4,rubric,cognitive_rubric.v1
2,1,48,Minor Syntax Error,R8,rubric,cognitive_rubric.v1
3,9,53,High Cognitive Load,R6,rubric,cognitive_rubric.v1
6,9,31,Needs Simple Basics,R2,rubric,cognitive_rubric.v1
2,9,24,Minor Syntax Error,R8,rubric,cognitive_rubric.v1
5,8,61,High Cognitive Load,R5,rubric_coverage_topup,cognitive_rubric.v1
1,2,80,Minor Syntax Error,R8,rubric,cognitive_rubric.v1
3,7,32,High Cognitive Load,R6,rubric,cognitive_rubric.v1
3,1,48,Needs Simple Basics,R3,rubric,cognitive_rubric.v1
5,7,67,High Cognitive Load,R5,rubric_coverage_topup,cognitive_rubric.v1
1,5,33,Needs Simple Basics,R1,rubric,cognitive_rubric.v1
4,7,46,High Cognitive Load,R6,rubric,cognitive_rubric.v1
1,4,30,Needs Simple Basics,R1,rubric,cognitive_rubric.v1
3,1,75,Needs Simple Basics,R3,rubric,cognitive_rubric.v1
3,7,67,High Cognitive Load,R6,rubric,cognitive_rubric.v1
4,2,21,Needs Simple Basics,R1,rubric,cognitive_rubric.v1
4,7,81,High Cognitive Load,R5,rubric_coverage_topup,cognitive_rubric.v1
3,3,46,Needs Simple Basics,R3,rubric,cognitive_rubric.v1
3,9,43,High Cognitive Load,R6,rubric,cognitive_rubric.v1
3,8,33,High Cognitive Load,R6,rubric,cognitive_rubric.v1
3,4,26,Needs Simple Basics,R1,rubric,cognitive_rubric.v1
4,3,2,Needs Simple Basics,R1,rubric,cognitive_rubric.v1
4,5,34,Needs Simple Basics,R1,rubric,cognitive_rubric.v1
2,4,79,Minor Syntax Error,R8,rubric,cognitive_rubric.v1
2,3,72,Minor Syntax Error,R8,rubric,cognitive_rubric.v1
5,5,0,Needs Simple Basics,R1,rubric,cognitive_rubric.v1
1,2,67,Minor Syntax Error,R8,rubric,cognitive_rubric.v1
4,2,46,Needs Simple Basics,R3,rubric,cognitive_rubric.v1
1,5,30,Needs Simple Basics,R1,rubric,cognitive_rubric.v1
4,4,36,Needs Simple Basics,R1,rubric,cognitive_rubric.v1
2,2,64,Minor Syntax Error,R8,rubric,cognitive_rubric.v1
2,1,36,Needs Simple Basics,R1,rubric,cognitive_rubric.v1
4,5,41,Needs Simple Basics,R1,rubric,cognitive_rubric.v1
2,1,57,Minor Syntax Error,R8,rubric,cognitive_rubric.v1
1,4,85,Minor Syntax Error,R8,rubric,cognitive_rubric.v1
3,1,35,Needs Simple Basics,R1,rubric,cognitive_rubric.v1
1,2,59,Minor Syntax Error,R8,rubric,cognitive_rubric.v1
4,5,35,Needs Simple Basics,R1,rubric,cognitive_rubric.v1
4,9,61,High Cognitive Load,R5,rubric_coverage_topup,cognitive_rubric.v1
2,4,89,Minor Syntax Error,R8,rubric,cognitive_rubric.v1
4,5,57,Needs Simple Basics,R3,rubric,cognitive_rubric.v1
1,12,89,Minor Syntax Error,R8,rubric,cognitive_rubric.v1
1,7,81,Minor Syntax Error,R8,rubric,cognitive_rubric.v1
5,6,35,Needs Simple Basics,R1,rubric,cognitive_rubric.v1
1,4,50,Minor Syntax Error,R8,rubric,cognitive_rubric.v1
2,4,35,Needs Simple Basics,R1,rubric,cognitive_rubric.v1
2,4,59,Minor Syntax Error,R8,rubric,cognitive_rubric.v1
2,14,55,High Cognitive Load,R7,rubric_coverage_topup,cognitive_rubric.v1
2,12,68,High Cognitive Load,R7,rubric,cognitive_rubric.v1
2,4,59,Minor Syntax Error,R8,rubric,cognitive_rubric.v1
2,4,48,Minor Syntax Error,R8,rubric,cognitive_rubric.v1
3,2,54,Needs Simple Basics,R3,rubric,cognitive_rubric.v1
4,12,78,High Cognitive Load,R4,rubric,cognitive_rubric.v1
2,4,74,Minor Syntax Error,R8,rubric,cognitive_rubric.v1
7,20,77,High Cognitive Load,R4,rubric,cognitive_rubric.v1
2,1,56,Minor Syntax Error,R8,rubric,cognitive_rubric.v1
2,20,62,High Cognitive Load,R7,rubric,cognitive_rubric.v1
6,7,39,Needs Simple Basics,R2,rubric,cognitive_rubric.v1
2,3,42,Needs Simple Basics,R1,rubric,cognitive_rubric.v1
1,10,75,Minor Syntax Error,R8,rubric,cognitive_rubric.v1
5,8,85,High Cognitive Load,R5,rubric_coverage_topup,cognitive_rubric.v1
5,9,20,Needs Simple Basics,R2,rubric,cognitive_rubric.v1
3,10,42,High Cognitive Load,R4,rubric,cognitive_rubric.v1
4,8,49,High Cognitive Load,R6,rubric,cognitive_rubric.v1
2,5,72,Minor Syntax Error,R8,rubric,cognitive_rubric.v1
5,4,94,Needs Simple Basics,R3,rubric,cognitive_rubric.v1
3,8,42,High Cognitive Load,R6,rubric,cognitive_rubric.v1
2,4,33,Needs Simple Basics,R1,rubric,cognitive_rubric.v1
3,8,65,High Cognitive Load,R6,rubric,cognitive_rubric.v1
2,8,49,Minor Syntax Error,R8,rubric,cognitive_rubric.v1
4,3,28,Needs Simple Basics,R1,rubric,cognitive_rubric.v1
2,3,62,Minor Syntax Error,R8,rubric,cognitive_rubric.v1
5,2,57,Needs Simple Basics,R2,rubric,cognitive_rubric.v1
1,9,51,Minor Syntax Error,R8,rubric,cognitive_rubric.v1
6,18,59,Needs Simple Basics,R2,rubric,cognitive_rubric.v1
1,3,83,Minor Syntax Error,R8,rubric,cognitive_rubric.v1
4,6,28,Needs Simple Basics,R1,rubric,cognitive_rubric.v1
3,10,70,High Cognitive Load,R4,rubric,cognitive_rubric.v1
2,16,62,High Cognitive Load,R7,rubric,cognitive_rubric.v1
3,5,64,Needs Simple Basics,R3,rubric,cognitive_rubric.v1
1,8,63,Minor Syntax Error,R8,rubric,cognitive_rubric.v1
3,10,52,High Cognitive Load,R4,rubric,cognitive_rubric.v1
3,2,69,Needs Simple Basics,R3,rubric,cognitive_rubric.v1
5,6,46,Needs Simple Basics,R2,rubric,cognitive_rubric.v1
2,4,68,Minor Syntax Error,R8,rubric,cognitive_rubric.v1
3,12,62,High Cognitive Load,R4,rubric,cognitive_rubric.v1
3,15,60,High Cognitive Load,R4,rubric,cognitive_rubric.v1
3,14,87,High Cognitive Load,R4,rubric,cognitive_rubric.v1
4,11,68,High Cognitive Load,R4,rubric,cognitive_rubric.v1
5,8,46,Needs Simple Basics,R2,rubric,cognitive_rubric.v1
4,6,33,Needs Simple Basics,R1,rubric,cognitive_rubric.v1
4,3,59,Needs Simple Basics,R3,rubric,cognitive_rubric.v1
1,7,60,Minor Syntax Error,R8,rubric,cognitive_rubric.v1
2,4,77,Minor Syntax Error,R8,rubric,cognitive_rubric.v1
3,8,60,High Cognitive Load,R6,rubric,cognitive_rubric.v1
2,14,34,High Cognitive Load,R7,rubric,cognitive_rubric.v1
2,2,76,Minor Syntax Error,R8,rubric,cognitive_rubric.v1
4,4,9,Needs Simple Basics,R1,rubric,cognitive_rubric.v1
2,3,64,Minor Syntax Error,R8,rubric,cognitive_rubric.v1
1,4,44,Needs Simple Basics,R1,rubric,cognitive_rubric.v1
4,8,64,High Cognitive Load,R5,rubric_coverage_topup,cognitive_rubric.v1
3,6,59,Needs Simple Basics,R3,rubric,cognitive_rubric.v1
1,5,54,Minor Syntax Error,R8,rubric,cognitive_rubric.v1
2,4,68,Minor Syntax Error,R8,rubric,cognitive_rubric.v1
3,3,56,Needs Simple Basics,R3,rubric,cognitive_rubric.v1
1,3,50,Minor Syntax Error,R8,rubric,cognitive_rubric.v1
4,8,71,High Cognitive Load,R5,rubric_coverage_topup,cognitive_rubric.v1
5,5,14,Needs Simple Basics,R1,rubric,cognitive_rubric.v1
2,3,51,Minor Syntax Error,R8,rubric,cognitive_rubric.v1
4,2,51,Needs Simple Basics,R3,rubric,cognitive_rubric.v1
2,3,89,Minor Syntax Error,R8,rubric,cognitive_rubric.v1
5,20,59,Needs Simple Basics,R2,rubric,cognitive_rubric.v1
4,3,35,Needs Simple Basics,R1,rubric,cognitive_rubric.v1
1,1,97,Minor Syntax Error,R8,rubric,cognitive_rubric.v1
5,9,81,High Cognitive Load,R5,rubric,cognitive_rubric.v1
3,9,89,High Cognitive Load,R6,rubric,cognitive_rubric.v1
4,1,34,Needs Simple Basics,R1,rubric,cognitive_rubric.v1
4,1,12,Needs Simple Basics,R1,rubric,cognitive_rubric.v1
5,7,17,Needs Simple Basics,R2,rubric,cognitive_rubric.v1
3,2,45,Needs Simple Basics,R3,rubric,cognitive_rubric.v1
1,2,66,Minor Syntax Error,R8,rubric,cognitive_rubric.v1
3,4,65,Needs Simple Basics,R3,rubric,cognitive_rubric.v1
3,4,30,Needs Simple Basics,R1,rubric,cognitive_rubric.v1
1,4,64,Minor Syntax Error,R8,rubric,cognitive_rubric.v1
3,10,79,High Cognitive Load,R4,rubric,cognitive_rubric.v1
3,20,80,High Cognitive Load,R4,rubric,cognitive_rubric.v1
5,1,38,Needs Simple Basics,R1,rubric,cognitive_rubric.v1
4,3,62,Needs Simple Basics,R3,rubric,cognitive_rubric.v1
2,7,31,Minor Syntax Error,R8,rubric,cognitive_rubric.v1
2,7,62,Minor Syntax Error,R8,rubric,cognitive_rubric.v1
4,7,60,High Cognitive Load,R5,rubric_coverage_topup,cognitive_rubric.v1
6,8,42,Needs Simple Basics,R2,rubric_coverage_topup,cognitive_rubric.v1
3,9,48,High Cognitive Load,R6,rubric,cognitive_rubric.v1
3,3,90,Needs Simple Basics,R3,rubric,cognitive_rubric.v1
5,8,69,High Cognitive Load,R5,rubric,cognitive_rubric.v1
4,7,83,High Cognitive Load,R5,rubric_coverage_topup,cognitive_rubric.v1
2,4,47,Minor Syntax Error,R8,rubric,cognitive_rubric.v1
1,4,53,Minor Syntax Error,R8,rubric,cognitive_rubric.v1
3,8,44,High Cognitive Load,R6,rubric,cognitive_rubric.v1
1,1,48,Minor Syntax Error,R8,rubric,cognitive_rubric.v1
2,3,8,Needs Simple Basics,R1,rubric,cognitive_rubric.v1
3,14,27,High Cognitive Load,R4,rubric,cognitive_rubric.v1
1,7,52,Minor Syntax Error,R8,rubric,cognitive_rubric.v1
5,9,96,High Cognitive Load,R5,rubric,cognitive_rubric.v1
2,5,43,Needs Simple Basics,R1,rubric,cognitive_rubric.v1
2,13,71,High Cognitive Load,R7,rubric,cognitive_rubric.v1
4,9,50,High Cognitive Load,R6,rubric,cognitive_rubric.v1
2,5,52,Minor Syntax Error,R8,rubric,cognitive_rubric.v1
2,8,79,Minor Syntax Error,R8,rubric,cognitive_rubric.v1
1,4,69,Minor Syntax Error,R8,rubric,cognitive_rubric.v1
2,12,64,High Cognitive Load,R7,rubric_coverage_topup,cognitive_rubric.v1
1,6,72,Minor Syntax Error,R8,rubric,cognitive_rubric.v1
1,17,56,High Cognitive Load,R7,rubric_coverage_topup,cognitive_rubric.v1
2,6,52,Minor Syntax Error,R8,rubric,cognitive_rubric.v1
4,9,58,High Cognitive Load,R6,rubric,cognitive_rubric.v1
4,12,91,High Cognitive Load,R4,rubric,cognitive_rubric.v1
2,18,37,High Cognitive Load,R7,rubric_coverage_topup,cognitive_rubric.v1
2,3,23,Needs Simple Basics,R1,rubric,cognitive_rubric.v1
2,2,68,Minor Syntax Error,R8,rubric,cognitive_rubric.v1
3,3,26,Needs Simple Basics,R1,rubric,cognitive_rubric.v1
2,7,50,Minor Syntax Error,R8,rubric,cognitive_rubric.v1
3,3,46,Needs Simple Basics,R3,rubric,cognitive_rubric.v1
4,6,74,Needs Simple Basics,R3,rubric,cognitive_rubric.v1
3,8,87,High Cognitive Load,R6,rubric_coverage_topup,cognitive_rubric.v1
2,19,70,High Cognitive Load,R7,rubric,cognitive_rubric.v1
1,4,54,Minor Syntax Error,R8,rubric,cognitive_rubric.v1
1,4,60,Minor Syntax Error,R8,rubric,cognitive_rubric.v1
5,15,36,Needs Simple Basics,R2,rubric,cognitive_rubric.v1
1,2,71,Minor Syntax Error,R8,rubric,cognitive_rubric.v1
1,1,71,Minor Syntax Error,R8,rubric,cognitive_rubric.v1
1,3,57,Minor Syntax Error,R8,rubric,cognitive_rubric.v1
2,6,48,Minor Syntax Error,R8,rubric,cognitive_rubric.v1
2,2,53,Minor Syntax Error,R8,rubric,cognitive_rubric.v1
4,10,53,High Cognitive Load,R4,rubric,cognitive_rubric.v1
2,18,61,High Cognitive Load,R7,rubric,cognitive_rubric.v1
1,4,54,Minor Syntax Error,R8,rubric,cognitive_rubric.v1
1,3,58,Minor Syntax Error,R8,rubric,cognitive_rubric.v1
5,1,48,Needs Simple Basics,R2,rubric_coverage_topup,cognitive_rubric.v1
1,9,44,Minor Syntax Error,R8,rubric,cognitive_rubric.v1
4,3,44,Needs Simple Basics,R1,rubric,cognitive_rubric.v1
1,3,45,Minor Syntax Error,R8,rubric,cognitive_rubric.v1
1,4,83,Minor Syntax Error,R8,rubric,cognitive_rubric.v1
3,5,53,Needs Simple Basics,R3,rubric,cognitive_rubric.v1
3,4,90,Needs Simple Basics,R3,rubric,cognitive_rubric.v1
4,8,42,High Cognitive Load,R6,rubric,cognitive_rubric.v1
3,9,55,High Cognitive Load,R6,rubric,cognitive_rubric.v1
2,14,100,Minor Syntax Error,R8,rubric,cognitive_rubric.v1
2,14,67,High Cognitive Load,R7,rubric_coverage_topup,cognitive_rubric.v1
4,9,75,High Cognitive Load,R5,rubric_coverage_topup,cognitive_rubric.v1
3,3,26,Needs Simple Basics,R1,rubric,cognitive_rubric.v1
1,4,78,Minor Syntax Error,R8,rubric,cognitive_rubric.v1
3,4,47,Needs Simple Basics,R3,rubric,cognitive_rubric.v1
4,8,26,High Cognitive Load,R6,rubric,cognitive_rubric.v1
4,10,45,High Cognitive Load,R4,rubric,cognitive_rubric.v1
2,20,71,High Cognitive Load,R7,rubric_coverage_topup,cognitive_rubric.v1
4,9,39,High Cognitive Load,R6,rubric,cognitive_rubric.v1
3,3,71,Needs Simple Basics,R3,rubric,cognitive_rubric.v1
1,2,44,Needs Simple Basics,R1,rubric,cognitive_rubric.v1
2,8,66,Minor Syntax Error,R8,rubric,cognitive_rubric.v1
3,6,21,Needs Simple Basics,R1,rubric,cognitive_rubric.v1
2,1,62,Minor Syntax Error,R8,rubric,cognitive_rubric.v1
1,1,54,Minor Syntax Error,R8,rubric,cognitive_rubric.v1
6,20,75,High Cognitive Load,R4,rubric,cognitive_rubric.v1
5,18,57,Needs Simple Basics,R2,rubric,cognitive_rubric.v1
2,2,38,Needs Simple Basics,R1,rubric,cognitive_rubric.v1
4,2,38,Needs Simple Basics,R1,rubric,cognitive_rubric.v1
3,15,89,High Cognitive Load,R4,rubric,cognitive_rubric.v1
2,6,20,Needs Simple Basics,R1,rubric,cognitive_rubric.v1
4,2,39,Needs Simple Basics,R1,rubric,cognitive_rubric.v1
2,11,69,Minor Syntax Error,R8,rubric,cognitive_rubric.v1
2,8,48,Minor Syntax Error,R8,rubric,cognitive_rubric.v1
4,12,31,High Cognitive Load,R4,rubric,cognitive_rubric.v1
1,1,56,Minor Syntax Error,R8,rubric,cognitive_rubric.v1
1,5,44,Needs Simple Basics,R1,rubric,cognitive_rubric.v1
4,10,42,High Cognitive Load,R4,rubric,cognitive_rubric.v1
1,1,54,Minor Syntax Error,R8,rubric,cognitive_rubric.v1
1,2,51,Minor Syntax Error,R8,rubric,cognitive_rubric.v1
3,7,62,High Cognitive Load,R6,rubric,cognitive_rubric.v1
3,3,42,Needs Simple Basics,R1,rubric,cognitive_rubric.v1
2,2,56,Minor Syntax Error,R8,rubric,cognitive_rubric.v1
2,13,54,High Cognitive Load,R7,rubric_coverage_topup,cognitive_rubric.v1
2,4,41,Needs Simple Basics,R1,rubric,cognitive_rubric.v1
5,7,79,High Cognitive Load,R5,rubric_coverage_topup,cognitive_rubric.v1
4,18,45,High Cognitive Load,R4,rubric,cognitive_rubric.v1
1,6,51,Minor Syntax Error,R8,rubric,cognitive_rubric.v1
4,18,40,High Cognitive Load,R4,rubric,cognitive_rubric.v1
1,8,27,Minor Syntax Error,R8,rubric,cognitive_rubric.v1
1,9,66,Minor Syntax Error,R8,rubric,cognitive_rubric.v1
3,3,28,Needs Simple Basics,R1,rubric,cognitive_rubric.v1
6,18,41,Needs Simple Basics,R2,rubric,cognitive_rubric.v1
4,7,35,High Cognitive Load,R6,rubric,cognitive_rubric.v1
2,3,44,Needs Simple Basics,R1,rubric,cognitive_rubric.v1
3,10,58,High Cognitive Load,R4,rubric,cognitive_rubric.v1
5,8,16,Needs Simple Basics,R2,rubric,cognitive_rubric.v1
2,3,52,Minor Syntax Error,R8,rubric,cognitive_rubric.v1
2,2,60,Minor Syntax Error,R8,rubric,cognitive_rubric.v1
6,7,32,Needs Simple Basics,R2,rubric,cognitive_rubric.v1
2,5,67,Minor Syntax Error,R8,rubric,cognitive_rubric.v1
1,1,47,Minor Syntax Error,R8,rubric,cognitive_rubric.v1
2,6,40,Needs Simple Basics,R1,rubric,cognitive_rubric.v1
1,4,61,Minor Syntax Error,R8,rubric,cognitive_rubric.v1
4,8,59,High Cognitive Load,R6,rubric_coverage_topup,cognitive_rubric.v1
7,20,48,Needs Simple Basics,R2,rubric_coverage_topup,cognitive_rubric.v1
1,5,84,Minor Syntax Error,R8,rubric,cognitive_rubric.v1
4,2,41,Needs Simple Basics,R1,rubric,cognitive_rubric.v1
3,3,40,Needs Simple Basics,R1,rubric,cognitive_rubric.v1
2,1,58,Minor Syntax Error,R8,rubric,cognitive_rubric.v1
5,8,77,High Cognitive Load,R5,rubric_coverage_topup,cognitive_rubric.v1
1,4,79,Minor Syntax Error,R8,rubric,cognitive_rubric.v1
3,2,61,Needs Simple Basics,R3,rubric,cognitive_rubric.v1
7,20,61,High Cognitive Load,R4,rubric,cognitive_rubric.v1
3,5,45,Needs Simple Basics,R3,rubric,cognitive_rubric.v1
6,20,40,Needs Simple Basics,R2,rubric_coverage_topup,cognitive_rubric.v1
1,6,53,Minor Syntax Error,R8,rubric,cognitive_rubric.v1
4,2,36,Needs Simple Basics,R1,rubric,cognitive_rubric.v1
2,3,88,Minor Syntax Error,R8,rubric,cognitive_rubric.v1
1,4,52,Minor Syntax Error,R8,rubric,cognitive_rubric.v1
6,13,16,Needs Simple Basics,R2,rubric,cognitive_rubric.v1
4,8,96,High Cognitive Load,R5,rubric_coverage_topup,cognitive_rubric.v1
3,11,62,High Cognitive Load,R4,rubric,cognitive_rubric.v1
1,4,54,Minor Syntax Error,R8,rubric,cognitive_rubric.v1
2,6,45,Minor Syntax Error,R8,rubric,cognitive_rubric.v1
5,20,33,Needs Simple Basics,R2,rubric,cognitive_rubric.v1
4,20,56,High Cognitive Load,R4,rubric,cognitive_rubric.v1
4,8,75,High Cognitive Load,R5,rubric_coverage_topup,cognitive_rubric.v1
8,8,62,High Cognitive Load,R5,rubric_coverage_topup,cognitive_rubric.v1
2,2,65,Minor Syntax Error,R8,rubric,cognitive_rubric.v1
2,10,53,Minor Syntax Error,R8,rubric,cognitive_rubric.v1
5,9,64,High Cognitive Load,R5,rubric_coverage_topup,cognitive_rubric.v1
2,2,62,Minor Syntax Error,R8,rubric,cognitive_rubric.v1
1,7,64,Minor Syntax Error,R8,rubric,cognitive_rubric.v1
3,7,50,High Cognitive Load,R6,rubric,cognitive_rubric.v1
3,11,46,High Cognitive Load,R4,rubric,cognitive_rubric.v1
2,4,57,Minor Syntax Error,R8,rubric,cognitive_rubric.v1
1,4,91,Minor Syntax Error,R8,rubric,cognitive_rubric.v1
3,20,70,High Cognitive Load,R4,rubric,cognitive_rubric.v1
2,7,30,Minor Syntax Error,R8,rubric,cognitive_rubric.v1
1,4,80,Minor Syntax Error,R8,rubric,cognitive_rubric.v1
3,19,82,High Cognitive Load,R4,rubric,cognitive_rubric.v1
4,5,44,Needs Simple Basics,R1,rubric,cognitive_rubric.v1
4,8,59,High Cognitive Load,R6,rubric,cognitive_rubric.v1
2,2,43,Needs Simple Basics,R1,rubric,cognitive_rubric.v1
3,3,40,Needs Simple Basics,R1,rubric,cognitive_rubric.v1
6,8,20,Needs Simple Basics,R2,rubric,cognitive_rubric.v1
1,1,48,Minor Syntax Error,R8,rubric,cognitive_rubric.v1
1,7,81,Minor Syntax Error,R8,rubric,cognitive_rubric.v1
4,4,34,Needs Simple Basics,R1,rubric,cognitive_rubric.v1
2,3,39,Needs Simple Basics,R1,rubric,cognitive_rubric.v1
1,1,100,Minor Syntax Error,R8,rubric,cognitive_rubric.v1
3,3,64,Needs Simple Basics,R3,rubric,cognitive_rubric.v1
2,2,66,Minor Syntax Error,R8,rubric,cognitive_rubric.v1
3,7,54,High Cognitive Load,R6,rubric,cognitive_rubric.v1
2,15,56,High Cognitive Load,R7,rubric_coverage_topup,cognitive_rubric.v1
5,9,72,High Cognitive Load,R5,rubric,cognitive_rubric.v1
3,1,24,Needs Simple Basics,R1,rubric,cognitive_rubric.v1
1,1,77,Minor Syntax Error,R8,rubric,cognitive_rubric.v1
1,5,58,Minor Syntax Error,R8,rubric,cognitive_rubric.v1
4,2,36,Needs Simple Basics,R1,rubric,cognitive_rubric.v1
4,9,67,High Cognitive Load,R5,rubric_coverage_topup,cognitive_rubric.v1
4,9,25,High Cognitive Load,R6,rubric,cognitive_rubric.v1
4,18,67,High Cognitive Load,R4,rubric,cognitive_rubric.v1
3,5,71,Needs Simple Basics,R3,rubric,cognitive_rubric.v1
5,11,44,Needs Simple Basics,R2,rubric,cognitive_rubric.v1
3,6,58,Needs Simple Basics,R3,rubric,cognitive_rubric.v1
5,8,13,Needs Simple Basics,R2,rubric,cognitive_rubric.v1
3,5,14,Needs Simple Basics,R1,rubric,cognitive_rubric.v1
3,5,40,Needs Simple Basics,R1,rubric,cognitive_rubric.v1
1,14,34,High Cognitive Load,R7,rubric,cognitive_rubric.v1
5,11,44,Needs Simple Basics,R2,rubric,cognitive_rubric.v1
2,4,41,Needs Simple Basics,R1,rubric,cognitive_rubric.v1
1,4,62,Minor Syntax Error,R8,rubric,cognitive_rubric.v1
1,17,59,High Cognitive Load,R7,rubric_coverage_topup,cognitive_rubric.v1
1,4,65,Minor Syntax Error,R8,rubric,cognitive_rubric.v1
4,20,53,High Cognitive Load,R4,rubric,cognitive_rubric.v1
2,4,52,Minor Syntax Error,R8,rubric,cognitive_rubric.v1
3,20,70,High Cognitive Load,R4,rubric,cognitive_rubric.v1
2,19,42,High Cognitive Load,R7,rubric_coverage_topup,cognitive_rubric.v1
1,4,65,Minor Syntax Error,R8,rubric,cognitive_rubric.v1
1,18,41,High Cognitive Load,R7,rubric_coverage_topup,cognitive_rubric.v1
1,5,82,Minor Syntax Error,R8,rubric,cognitive_rubric.v1
5,4,16,Needs Simple Basics,R1,rubric,cognitive_rubric.v1
2,2,58,Minor Syntax Error,R8,rubric,cognitive_rubric.v1
2,5,39,Needs Simple Basics,R1,rubric,cognitive_rubric.v1
2,4,37,Needs Simple Basics,R1,rubric,cognitive_rubric.v1
2,3,64,Minor Syntax Error,R8,rubric,cognitive_rubric.v1
3,5,64,Needs Simple Basics,R3,rubric,cognitive_rubric.v1
2,7,68,Minor Syntax Error,R8,rubric,cognitive_rubric.v1
1,6,49,Minor Syntax Error,R8,rubric,cognitive_rubric.v1
1,5,59,Minor Syntax Error,R8,rubric,cognitive_rubric.v1
5,7,67,High Cognitive Load,R5,rubric,cognitive_rubric.v1
5,2,55,Needs Simple Basics,R2,rubric,cognitive_rubric.v1
2,5,45,Minor Syntax Error,R8,rubric,cognitive_rubric.v1
4,6,53,Needs Simple Basics,R3,rubric,cognitive_rubric.v1
4,17,79,High Cognitive Load,R4,rubric,cognitive_rubric.v1
1,16,69,High Cognitive Load,R7,rubric_coverage_topup,cognitive_rubric.v1
2,11,50,Minor Syntax Error,R8,rubric,cognitive_rubric.v1
5,13,41,Needs Simple Basics,R2,rubric,cognitive_rubric.v1
3,9,39,High Cognitive Load,R6,rubric,cognitive_rubric.v1
2,18,51,High Cognitive Load,R7,rubric,cognitive_rubric.v1
3,2,68,Needs Simple Basics,R3,rubric,cognitive_rubric.v1
4,3,50,Needs Simple Basics,R3,rubric,cognitive_rubric.v1
2,4,46,Minor Syntax Error,R8,rubric,cognitive_rubric.v1
1,3,28,Needs Simple Basics,R1,rubric,cognitive_rubric.v1
3,11,62,High Cognitive Load,R4,rubric,cognitive_rubric.v1
6,14,51,Needs Simple Basics,R2,rubric,cognitive_rubric.v1
5,12,92,High Cognitive Load,R4,rubric,cognitive_rubric.v1
2,4,31,Needs Simple Basics,R1,rubric,cognitive_rubric.v1
4,10,80,High Cognitive Load,R4,rubric,cognitive_rubric.v1
1,8,66,Minor Syntax Error,R8,rubric,cognitive_rubric.v1
3,1,47,Needs Simple Basics,R3,rubric,cognitive_rubric.v1
2,4,82,Minor Syntax Error,R8,rubric,cognitive_rubric.v1
3,3,65,Needs Simple Basics,R3,rubric,cognitive_rubric.v1
1,12,54,High Cognitive Load,R7,rubric_coverage_topup,cognitive_rubric.v1
2,4,71,Minor Syntax Error,R8,rubric,cognitive_rubric.v1
3,16,71,High Cognitive Load,R4,rubric,cognitive_rubric.v1
3,1,45,Needs Simple Basics,R3,rubric,cognitive_rubric.v1
2,6,85,Minor Syntax Error,R8,rubric,cognitive_rubric.v1
7,5,25,Needs Simple Basics,R1,rubric,cognitive_rubric.v1
3,9,31,High Cognitive Load,R6,rubric,cognitive_rubric.v1
4,12,62,High Cognitive Load,R4,rubric,cognitive_rubric.v1
3,3,52,Needs Simple Basics,R3,rubric,cognitive_rubric.v1
1,4,38,Needs Simple Basics,R1,rubric,cognitive_rubric.v1
2,2,87,Minor Syntax Error,R8,rubric,cognitive_rubric.v1
3,5,46,Needs Simple Basics,R3,rubric,cognitive_rubric.v1
1,1,62,Minor Syntax Error,R8,rubric,cognitive_rubric.v1
3,8,71,High Cognitive Load,R6,rubric,cognitive_rubric.v1
3,3,73,Needs Simple Basics,R3,rubric,cognitive_rubric.v1
3,9,63,High Cognitive Load,R6,rubric,cognitive_rubric.v1
3,10,80,High Cognitive Load,R4,rubric,cognitive_rubric.v1
2,6,41,Needs Simple Basics,R1,rubric,cognitive_rubric.v1
1,1,61,Minor Syntax Error,R8,rubric,cognitive_rubric.v1
1,5,61,Minor Syntax Error,R8,rubric,cognitive_rubric.v1
2,16,47,High Cognitive Load,R7,rubric_coverage_topup,cognitive_rubric.v1
2,2,65,Minor Syntax Error,R8,rubric,cognitive_rubric.v1
2,7,60,Minor Syntax Error,R8,rubric,cognitive_rubric.v1
1,2,76,Minor Syntax Error,R8,rubric,cognitive_rubric.v1
6,9,87,High Cognitive Load,R5,rubric_coverage_topup,cognitive_rubric.v1
2,20,66,High Cognitive Load,R7,rubric,cognitive_rubric.v1
3,20,34,High Cognitive Load,R4,rubric,cognitive_rubric.v1
1,4,46,Minor Syntax Error,R8,rubric,cognitive_rubric.v1
1,3,40,Needs Simple Basics,R1,rubric,cognitive_rubric.v1
5,20,18,Needs Simple Basics,R2,rubric,cognitive_rubric.v1
1,15,52,High Cognitive Load,R7,rubric_coverage_topup,cognitive_rubric.v1
1,4,59,Minor Syntax Error,R8,rubric,cognitive_rubric.v1
2,20,38,High Cognitive Load,R7,rubric_coverage_topup,cognitive_rubric.v1
2,12,75,Minor Syntax Error,R8,rubric,cognitive_rubric.v1
4,9,84,High Cognitive Load,R5,rubric,cognitive_rubric.v1
1,3,66,Minor Syntax Error,R8,rubric,cognitive_rubric.v1
1,9,61,Minor Syntax Error,R8,rubric,cognitive_rubric.v1
5,17,57,Needs Simple Basics,R2,rubric,cognitive_rubric.v1
4,5,33,Needs Simple Basics,R1,rubric,cognitive_rubric.v1
1,4,76,Minor Syntax Error,R8,rubric,cognitive_rubric.v1
3,10,30,High Cognitive Load,R4,rubric,cognitive_rubric.v1
5,13,50,Needs Simple Basics,R2,rubric,cognitive_rubric.v1
2,4,56,Minor Syntax Error,R8,rubric,cognitive_rubric.v1
4,7,65,High Cognitive Load,R5,rubric,cognitive_rubric.v1
1,5,42,Needs Simple Basics,R1,rubric,cognitive_rubric.v1
3,1,32,Needs Simple Basics,R1,rubric,cognitive_rubric.v1
4,8,40,High Cognitive Load,R6,rubric,cognitive_rubric.v1
4,4,26,Needs Simple Basics,R1,rubric,cognitive_rubric.v1
3,19,53,High Cognitive Load,R4,rubric,cognitive_rubric.v1
4,14,71,High Cognitive Load,R4,rubric,cognitive_rubric.v1
1,3,60,Minor Syntax Error,R8,rubric,cognitive_rubric.v1
2,5,48,Minor Syntax Error,R8,rubric,cognitive_rubric.v1
3,9,84,High Cognitive Load,R6,rubric,cognitive_rubric.v1
1,5,58,Minor Syntax Error,R8,rubric,cognitive_rubric.v1
1,3,77,Minor Syntax Error,R8,rubric,cognitive_rubric.v1
1,1,35,Needs Simple Basics,R1,rubric,cognitive_rubric.v1
2,11,59,Minor Syntax Error,R8,rubric,cognitive_rubric.v1
2,5,50,Minor Syntax Error,R8,rubric,cognitive_rubric.v1
1,6,50,Minor Syntax Error,R8,rubric,cognitive_rubric.v1
2,2,52,Minor Syntax Error,R8,rubric,cognitive_rubric.v1
2,14,83,Minor Syntax Error,R8,rubric,cognitive_rubric.v1
1,3,46,Minor Syntax Error,R8,rubric,cognitive_rubric.v1
2,20,74,High Cognitive Load,R7,rubric_coverage_topup,cognitive_rubric.v1
4,15,68,High Cognitive Load,R4,rubric,cognitive_rubric.v1
2,16,66,High Cognitive Load,R7,rubric,cognitive_rubric.v1
4,8,36,High Cognitive Load,R6,rubric,cognitive_rubric.v1
1,3,59,Minor Syntax Error,R8,rubric,cognitive_rubric.v1
1,14,69,High Cognitive Load,R7,rubric_coverage_topup,cognitive_rubric.v1
4,5,46,Needs Simple Basics,R3,rubric,cognitive_rubric.v1
1,5,44,Needs Simple Basics,R1,rubric,cognitive_rubric.v1
5,2,71,Needs Simple Basics,R3,rubric,cognitive_rubric.v1
5,20,49,Needs Simple Basics,R2,rubric,cognitive_rubric.v1
1,7,84,Minor Syntax Error,R8,rubric,cognitive_rubric.v1
4,9,85,High Cognitive Load,R5,rubric,cognitive_rubric.v1
3,6,73,Needs Simple Basics,R3,rubric,cognitive_rubric.v1
2,11,79,Minor Syntax Error,R8,rubric,cognitive_rubric.v1
3,2,48,Needs Simple Basics,R3,rubric,cognitive_rubric.v1
1,12,83,Minor Syntax Error,R8,rubric,cognitive_rubric.v1
1,3,62,Minor Syntax Error,R8,rubric,cognitive_rubric.v1
2,8,24,Minor Syntax Error,R8,rubric,cognitive_rubric.v1
4,7,81,High Cognitive Load,R5,rubric_coverage_topup,cognitive_rubric.v1
2,3,65,Minor Syntax Error,R8,rubric,cognitive_rubric.v1
3,3,57,Needs Simple Basics,R3,rubric,cognitive_rubric.v1
5,13,45,Needs Simple Basics,R2,rubric,cognitive_rubric.v1
1,13,75,Minor Syntax Error,R8,rubric,cognitive_rubric.v1
4,1,72,Needs Simple Basics,R3,rubric,cognitive_rubric.v1
2,3,56,Minor Syntax Error,R8,rubric,cognitive_rubric.v1
3,9,57,High Cognitive Load,R6,rubric,cognitive_rubric.v1
4,9,65,High Cognitive Load,R5,rubric_coverage_topup,cognitive_rubric.v1
4,7,50,High Cognitive Load,R6,rubric,cognitive_rubric.v1
4,20,55,High Cognitive Load,R4,rubric,cognitive_rubric.v1
4,20,64,High Cognitive Load,R4,rubric,cognitive_rubric.v1
1,3,100,Minor Syntax Error,R8,rubric,cognitive_rubric.v1
1,12,74,High Cognitive Load,R7,rubric_coverage_topup,cognitive_rubric.v1
2,4,30,Needs Simple Basics,R1,rubric,cognitive_rubric.v1
1,1,50,Minor Syntax Error,R8,rubric,cognitive_rubric.v1
5,12,57,Needs Simple Basics,R2,rubric,cognitive_rubric.v1
2,4,87,Minor Syntax Error,R8,rubric,cognitive_rubric.v1
2,3,78,Minor Syntax Error,R8,rubric,cognitive_rubric.v1
3,7,19,High Cognitive Load,R6,rubric,cognitive_rubric.v1
2,6,17,Needs Simple Basics,R1,rubric,cognitive_rubric.v1
1,20,25,High Cognitive Load,R7,rubric,cognitive_rubric.v1
2,3,74,Minor Syntax Error,R8,rubric,cognitive_rubric.v1
3,3,71,Needs Simple Basics,R3,rubric,cognitive_rubric.v1
2,15,66,High Cognitive Load,R7,rubric_coverage_topup,cognitive_rubric.v1
1,7,51,Minor Syntax Error,R8,rubric,cognitive_rubric.v1
1,3,50,Minor Syntax Error,R8,rubric,cognitive_rubric.v1
3,10,60,High Cognitive Load,R4,rubric,cognitive_rubric.v1
2,3,68,Minor Syntax Error,R8,rubric,cognitive_rubric.v1
3,10,45,High Cognitive Load,R4,rubric,cognitive_rubric.v1
2,3,53,Minor Syntax Error,R8,rubric,cognitive_rubric.v1
4,7,68,High Cognitive Load,R5,rubric,cognitive_rubric.v1
4,9,90,High Cognitive Load,R5,rubric_coverage_topup,cognitive_rubric.v1
2,2,16,Needs Simple Basics,R1,rubric,cognitive_rubric.v1
4,12,11,High Cognitive Load,R4,rubric,cognitive_rubric.v1
2,17,60,High Cognitive Load,R7,rubric_coverage_topup,cognitive_rubric.v1
3,4,34,Needs Simple Basics,R1,rubric,cognitive_rubric.v1
2,20,71,High Cognitive Load,R7,rubric,cognitive_rubric.v1
4,8,45,High Cognitive Load,R6,rubric,cognitive_rubric.v1
4,8,62,High Cognitive Load,R5,rubric_coverage_topup,cognitive_rubric.v1
3,7,31,High Cognitive Load,R6,rubric,cognitive_rubric.v1
3,4,67,Needs Simple Basics,R3,rubric,cognitive_rubric.v1
2,2,39,Needs Simple Basics,R1,rubric,cognitive_rubric.v1
2,2,44,Needs Simple Basics,R1,rubric,cognitive_rubric.v1
4,4,37,Needs Simple Basics,R1,rubric,cognitive_rubric.v1
5,19,78,High Cognitive Load,R4,rubric,cognitive_rubric.v1
1,4,54,Minor Syntax Error,R8,rubric,cognitive_rubric.v1
4,7,83,High Cognitive Load,R5,rubric,cognitive_rubric.v1
3,3,41,Needs Simple Basics,R1,rubric,cognitive_rubric.v1
1,1,60,Minor Syntax Error,R8,rubric,cognitive_rubric.v1
6,7,17,Needs Simple Basics,R2,rubric,cognitive_rubric.v1
5,8,32,Needs Simple Basics,R2,rubric,cognitive_rubric.v1
4,11,51,High Cognitive Load,R4,rubric,cognitive_rubric.v1
3,7,56,High Cognitive Load,R6,rubric,cognitive_rubric.v1
2,7,74,Minor Syntax Error,R8,rubric,cognitive_rubric.v1
3,6,72,Needs Simple Basics,R3,rubric,cognitive_rubric.v1
2,3,44,Needs Simple Basics,R1,rubric,cognitive_rubric.v1
1,5,65,Minor Syntax Error,R8,rubric,cognitive_rubric.v1
4,9,55,High Cognitive Load,R6,rubric,cognitive_rubric.v1
5,7,57,Needs Simple Basics,R2,rubric,cognitive_rubric.v1
4,1,38,Needs Simple Basics,R1,rubric,cognitive_rubric.v1
4,11,73,High Cognitive Load,R4,rubric,cognitive_rubric.v1
3,16,54,High Cognitive Load,R4,rubric,cognitive_rubric.v1
3,14,100,High Cognitive Load,R4,rubric,cognitive_rubric.v1
3,13,33,High Cognitive Load,R4,rubric,cognitive_rubric.v1
5,10,52,Needs Simple Basics,R2,rubric,cognitive_rubric.v1
4,6,41,Needs Simple Basics,R1,rubric,cognitive_rubric.v1
4,8,51,High Cognitive Load,R6,rubric,cognitive_rubric.v1
2,8,34,Minor Syntax Error,R8,rubric,cognitive_rubric.v1
2,3,47,Minor Syntax Error,R8,rubric,cognitive_rubric.v1
4,7,55,High Cognitive Load,R6,rubric,cognitive_rubric.v1
4,1,25,Needs Simple Basics,R1,rubric,cognitive_rubric.v1
3,5,66,Needs Simple Basics,R3,rubric,cognitive_rubric.v1
5,8,71,High Cognitive Load,R5,rubric_coverage_topup,cognitive_rubric.v1
4,8,80,High Cognitive Load,R5,rubric_coverage_topup,cognitive_rubric.v1
5,7,16,Needs Simple Basics,R2,rubric,cognitive_rubric.v1
3,6,76,Needs Simple Basics,R3,rubric,cognitive_rubric.v1
3,6,64,Needs Simple Basics,R3,rubric,cognitive_rubric.v1
2,6,42,Needs Simple Basics,R1,rubric,cognitive_rubric.v1
3,4,31,Needs Simple Basics,R1,rubric,cognitive_rubric.v1
2,11,93,Minor Syntax Error,R8,rubric,cognitive_rubric.v1
1,6,90,Minor Syntax Error,R8,rubric,cognitive_rubric.v1
4,8,83,High Cognitive Load,R5,rubric_coverage_topup,cognitive_rubric.v1
4,1,37,Needs Simple Basics,R1,rubric,cognitive_rubric.v1
2,8,58,Minor Syntax Error,R8,rubric,cognitive_rubric.v1
4,1,31,Needs Simple Basics,R1,rubric,cognitive_rubric.v1
4,6,66,Needs Simple Basics,R3,rubric,cognitive_rubric.v1
5,20,65,High Cognitive Load,R4,rubric,cognitive_rubric.v1
4,9,65,High Cognitive Load,R5,rubric,cognitive_rubric.v1
3,4,100,Needs Simple Basics,R3,rubric,cognitive_rubric.v1
3,15,49,High Cognitive Load,R4,rubric,cognitive_rubric.v1
3,7,40,High Cognitive Load,R6,rubric,cognitive_rubric.v1
2,5,55,Minor Syntax Error,R8,rubric,cognitive_rubric.v1
5,14,82,High Cognitive Load,R4,rubric,cognitive_rubric.v1
2,12,22,High Cognitive Load,R7,rubric,cognitive_rubric.v1
3,12,20,High Cognitive Load,R4,rubric,cognitive_rubric.v1
3,13,64,High Cognitive Load,R4,rubric,cognitive_rubric.v1
1,6,100,Minor Syntax Error,R8,rubric,cognitive_rubric.v1
3,4,76,Needs Simple Basics,R3,rubric,cognitive_rubric.v1
1,3,51,Minor Syntax Error,R8,rubric,cognitive_rubric.v1
3,7,68,High Cognitive Load,R6,rubric,cognitive_rubric.v1
2,11,38,Minor Syntax Error,R8,rubric,cognitive_rubric.v1
1,1,45,Minor Syntax Error,R8,rubric,cognitive_rubric.v1
2,12,46,High Cognitive Load,R7,rubric,cognitive_rubric.v1
3,2,22,Needs Simple Basics,R1,rubric,cognitive_rubric.v1
3,3,44,Needs Simple Basics,R1,rubric,cognitive_rubric.v1
3,14,41,High Cognitive Load,R4,rubric,cognitive_rubric.v1
7,13,2,Needs Simple Basics,R2,rubric,cognitive_rubric.v1
3,5,23,Needs Simple Basics,R1,rubric,cognitive_rubric.v1
3,10,39,High Cognitive Load,R4,rubric,cognitive_rubric.v1
3,16,80,High Cognitive Load,R4,rubric,cognitive_rubric.v1
2,6,94,Minor Syntax Error,R8,rubric,cognitive_rubric.v1
5,3,43,Needs Simple Basics,R1,rubric,cognitive_rubric.v1
4,5,14,Needs Simple Basics,R1,rubric,cognitive_rubric.v1
6,20,41,Needs Simple Basics,R2,rubric,cognitive_rubric.v1
2,5,39,Needs Simple Basics,R1,rubric,cognitive_rubric.v1
1,5,64,Minor Syntax Error,R8,rubric,cognitive_rubric.v1
2,3,61,Minor Syntax Error,R8,rubric,cognitive_rubric.v1
1,2,69,Minor Syntax Error,R8,rubric,cognitive_rubric.v1
1,19,76,Minor Syntax Error,R8,rubric,cognitive_rubric.v1
3,3,54,Needs Simple Basics,R3,rubric,cognitive_rubric.v1
4,7,61,High Cognitive Load,R5,rubric_coverage_topup,cognitive_rubric.v1
1,3,51,Minor Syntax Error,R8,rubric,cognitive_rubric.v1
5,4,23,Needs Simple Basics,R1,rubric,cognitive_rubric.v1
1,15,38,High Cognitive Load,R7,rubric_coverage_topup,cognitive_rubric.v1
2,2,35,Needs Simple Basics,R1,rubric,cognitive_rubric.v1
5,9,36,Needs Simple Basics,R2,rubric,cognitive_rubric.v1
4,15,33,High Cognitive Load,R4,rubric,cognitive_rubric.v1
1,16,63,High Cognitive Load,R7,rubric_coverage_topup,cognitive_rubric.v1
7,20,49,Needs Simple Basics,R2,rubric,cognitive_rubric.v1
5,17,58,Needs Simple Basics,R2,rubric,cognitive_rubric.v1
2,12,72,High Cognitive Load,R7,rubric,cognitive_rubric.v1
3,2,36,Needs Simple Basics,R1,rubric,cognitive_rubric.v1
1,5,91,Minor Syntax Error,R8,rubric,cognitive_rubric.v1
1,3,94,Minor Syntax Error,R8,rubric,cognitive_rubric.v1
6,20,51,Needs Simple Basics,R2,rubric,cognitive_rubric.v1
2,2,48,Minor Syntax Error,R8,rubric,cognitive_rubric.v1
1,2,71,Minor Syntax Error,R8,rubric,cognitive_rubric.v1
4,6,65,Needs Simple Basics,R3,rubric,cognitive_rubric.v1
1,1,55,Minor Syntax Error,R8,rubric,cognitive_rubric.v1
2,3,42,Needs Simple Basics,R1,rubric,cognitive_rubric.v1
6,7,71,High Cognitive Load,R5,rubric_coverage_topup,cognitive_rubric.v1
2,8,13,Minor Syntax Error,R8,rubric,cognitive_rubric.v1
3,20,14,High Cognitive Load,R4,rubric,cognitive_rubric.v1
1,4,47,Minor Syntax Error,R8,rubric,cognitive_rubric.v1
1,3,58,Minor Syntax Error,R8,rubric,cognitive_rubric.v1
3,8,38,High Cognitive Load,R6,rubric,cognitive_rubric.v1
3,7,85,High Cognitive Load,R6,rubric,cognitive_rubric.v1
2,4,77,Minor Syntax Error,R8,rubric,cognitive_rubric.v1
1,6,57,Minor Syntax Error,R8,rubric,cognitive_rubric.v1
2,4,86,Minor Syntax Error,R8,rubric,cognitive_rubric.v1
1,7,45,Minor Syntax Error,R8,rubric,cognitive_rubric.v1
2,4,64,Minor Syntax Error,R8,rubric,cognitive_rubric.v1
1,1,46,Minor Syntax Error,R8,rubric,cognitive_rubric.v1
1,4,54,Minor Syntax Error,R8,rubric,cognitive_rubric.v1
3,13,43,High Cognitive Load,R4,rubric,cognitive_rubric.v1
2,5,84,Minor Syntax Error,R8,rubric,cognitive_rubric.v1
3,2,45,Needs Simple Basics,R3,rubric,cognitive_rubric.v1
3,13,81,High Cognitive Load,R4,rubric,cognitive_rubric.v1
2,5,42,Needs Simple Basics,R1,rubric,cognitive_rubric.v1
4,4,71,Needs Simple Basics,R3,rubric,cognitive_rubric.v1
3,8,57,High Cognitive Load,R6,rubric,cognitive_rubric.v1
5,5,63,Needs Simple Basics,R3,rubric,cognitive_rubric.v1
2,3,72,Minor Syntax Error,R8,rubric,cognitive_rubric.v1
6,9,77,High Cognitive Load,R5,rubric,cognitive_rubric.v1
3,3,33,Needs Simple Basics,R1,rubric,cognitive_rubric.v1
1,11,51,Minor Syntax Error,R8,rubric,cognitive_rubric.v1
4,6,26,Needs Simple Basics,R1,rubric,cognitive_rubric.v1
4,9,34,High Cognitive Load,R6,rubric,cognitive_rubric.v1
3,8,63,High Cognitive Load,R6,rubric,cognitive_rubric.v1
1,4,60,Minor Syntax Error,R8,rubric,cognitive_rubric.v1
4,7,31,High Cognitive Load,R6,rubric,cognitive_rubric.v1
3,8,61,High Cognitive Load,R6,rubric,cognitive_rubric.v1
2,7,84,Minor Syntax Error,R8,rubric,cognitive_rubric.v1
1,2,74,Minor Syntax Error,R8,rubric,cognitive_rubric.v1
3,10,65,High Cognitive Load,R4,rubric,cognitive_rubric.v1
4,9,63,High Cognitive Load,R5,rubric_coverage_topup,cognitive_rubric.v1
4,17,58,High Cognitive Load,R4,rubric,cognitive_rubric.v1
2,1,55,Minor Syntax Error,R8,rubric,cognitive_rubric.v1
2,9,57,Minor Syntax Error,R8,rubric,cognitive_rubric.v1
4,15,91,High Cognitive Load,R4,rubric,cognitive_rubric.v1
2,5,51,Minor Syntax Error,R8,rubric,cognitive_rubric.v1
2,20,66,High Cognitive Load,R7,rubric,cognitive_rubric.v1
1,2,100,Minor Syntax Error,R8,rubric,cognitive_rubric.v1
2,2,44,Needs Simple Basics,R1,rubric,cognitive_rubric.v1
4,7,76,High Cognitive Load,R5,rubric_coverage_topup,cognitive_rubric.v1
1,4,78,Minor Syntax Error,R8,rubric,cognitive_rubric.v1
2,3,100,Minor Syntax Error,R8,rubric,cognitive_rubric.v1
1,3,56,Minor Syntax Error,R8,rubric,cognitive_rubric.v1
3,1,63,Needs Simple Basics,R3,rubric,cognitive_rubric.v1
5,9,75,High Cognitive Load,R5,rubric_coverage_topup,cognitive_rubric.v1
1,5,63,Minor Syntax Error,R8,rubric,cognitive_rubric.v1
4,13,40,High Cognitive Load,R4,rubric,cognitive_rubric.v1
4,11,33,High Cognitive Load,R4,rubric,cognitive_rubric.v1
3,3,77,Needs Simple Basics,R3,rubric,cognitive_rubric.v1
3,4,64,Needs Simple Basics,R3,rubric,cognitive_rubric.v1
1,4,44,Needs Simple Basics,R1,rubric,cognitive_rubric.v1
1,2,52,Minor Syntax Error,R8,rubric,cognitive_rubric.v1
4,1,35,Needs Simple Basics,R1,rubric,cognitive_rubric.v1
1,3,38,Needs Simple Basics,R1,rubric,cognitive_rubric.v1
2,2,63,Minor Syntax Error,R8,rubric,cognitive_rubric.v1
1,5,53,Minor Syntax Error,R8,rubric,cognitive_rubric.v1
3,3,40,Needs Simple Basics,R1,rubric,cognitive_rubric.v1
2,20,80,Minor Syntax Error,R8,rubric,cognitive_rubric.v1
3,2,14,Needs Simple Basics,R1,rubric,cognitive_rubric.v1
4,5,71,Needs Simple Basics,R3,rubric,cognitive_rubric.v1
6,12,71,High Cognitive Load,R4,rubric,cognitive_rubric.v1
3,5,58,Needs Simple Basics,R3,rubric,cognitive_rubric.v1
1,5,54,Minor Syntax Error,R8,rubric,cognitive_rubric.v1
2,3,44,Needs Simple Basics,R1,rubric,cognitive_rubric.v1
7,13,19,Needs Simple Basics,R2,rubric_coverage_topup,cognitive_rubric.v1
1,12,47,High Cognitive Load,R7,rubric_coverage_topup,cognitive_rubric.v1
2,7,65,Minor Syntax Error,R8,rubric,cognitive_rubric.v1
5,13,75,High Cognitive Load,R4,rubric,cognitive_rubric.v1
5,8,63,High Cognitive Load,R5,rubric_coverage_topup,cognitive_rubric.v1
5,12,30,Needs Simple Basics,R2,rubric,cognitive_rubric.v1
2,13,75,Minor Syntax Error,R8,rubric,cognitive_rubric.v1
5,2,22,Needs Simple Basics,R1,rubric,cognitive_rubric.v1
5,12,67,High Cognitive Load,R4,rubric,cognitive_rubric.v1
5,20,65,High Cognitive Load,R4,rubric,cognitive_rubric.v1
1,1,45,Minor Syntax Error,R8,rubric,cognitive_rubric.v1
4,5,26,Needs Simple Basics,R1,rubric,cognitive_rubric.v1
2,7,18,Minor Syntax Error,R8,rubric,cognitive_rubric.v1
3,5,39,Needs Simple Basics,R1,rubric,cognitive_rubric.v1
1,3,28,Needs Simple Basics,R1,rubric,cognitive_rubric.v1
4,7,71,High Cognitive Load,R5,rubric_coverage_topup,cognitive_rubric.v1
4,7,93,High Cognitive Load,R5,rubric_coverage_topup,cognitive_rubric.v1
4,16,47,High Cognitive Load,R4,rubric,cognitive_rubric.v1
2,8,47,Minor Syntax Error,R8,rubric,cognitive_rubric.v1
3,5,75,Needs Simple Basics,R3,rubric,cognitive_rubric.v1
3,3,56,Needs Simple Basics,R3,rubric,cognitive_rubric.v1
2,5,71,Minor Syntax Error,R8,rubric,cognitive_rubric.v1
1,4,64,Minor Syntax Error,R8,rubric,cognitive_rubric.v1
1,2,47,Minor Syntax Error,R8,rubric,cognitive_rubric.v1
5,16,44,Needs Simple Basics,R2,rubric,cognitive_rubric.v1
4,6,38,Needs Simple Basics,R1,rubric,cognitive_rubric.v1
1,7,63,Minor Syntax Error,R8,rubric,cognitive_rubric.v1
3,5,72,Needs Simple Basics,R3,rubric,cognitive_rubric.v1
1,5,100,Minor Syntax Error,R8,rubric,cognitive_rubric.v1
4,3,45,Needs Simple Basics,R3,rubric,cognitive_rubric.v1
5,8,4,Needs Simple Basics,R2,rubric_coverage_topup,cognitive_rubric.v1
1,5,42,Needs Simple Basics,R1,rubric,cognitive_rubric.v1
2,18,90,Minor Syntax Error,R8,rubric,cognitive_rubric.v1
3,5,6,Needs Simple Basics,R1,rubric,cognitive_rubric.v1
4,2,48,Needs Simple Basics,R3,rubric,cognitive_rubric.v1
1,1,35,Needs Simple Basics,R1,rubric,cognitive_rubric.v1
5,4,17,Needs Simple Basics,R1,rubric,cognitive_rubric.v1
4,1,34,Needs Simple Basics,R1,rubric,cognitive_rubric.v1
4,7,53,High Cognitive Load,R6,rubric,cognitive_rubric.v1
8,4,32,Needs Simple Basics,R1,rubric,cognitive_rubric.v1
4,5,33,Needs Simple Basics,R1,rubric,cognitive_rubric.v1
1,6,61,Minor Syntax Error,R8,rubric,cognitive_rubric.v1
4,16,95,High Cognitive Load,R4,rubric,cognitive_rubric.v1
4,8,66,High Cognitive Load,R5,rubric_coverage_topup,cognitive_rubric.v1
2,16,64,High Cognitive Load,R7,rubric,cognitive_rubric.v1
2,14,62,High Cognitive Load,R7,rubric_coverage_topup,cognitive_rubric.v1
4,3,52,Needs Simple Basics,R3,rubric,cognitive_rubric.v1
2,4,32,Needs Simple Basics,R1,rubric,cognitive_rubric.v1
4,6,28,Needs Simple Basics,R1,rubric,cognitive_rubric.v1
3,18,68,High Cognitive Load,R4,rubric,cognitive_rubric.v1
1,5,57,Minor Syntax Error,R8,rubric,cognitive_rubric.v1
3,4,28,Needs Simple Basics,R1,rubric,cognitive_rubric.v1
1,13,37,High Cognitive Load,R7,rubric,cognitive_rubric.v1
4,19,57,High Cognitive Load,R4,rubric,cognitive_rubric.v1
1,5,63,Minor Syntax Error,R8,rubric,cognitive_rubric.v1
1,5,79,Minor Syntax Error,R8,rubric,cognitive_rubric.v1
3,5,75,Needs Simple Basics,R3,rubric,cognitive_rubric.v1
2,15,72,High Cognitive Load,R7,rubric,cognitive_rubric.v1
3,2,65,Needs Simple Basics,R3,rubric,cognitive_rubric.v1
1,10,84,Minor Syntax Error,R8,rubric,cognitive_rubric.v1
5,6,37,Needs Simple Basics,R1,rubric,cognitive_rubric.v1
3,7,47,High Cognitive Load,R6,rubric,cognitive_rubric.v1
1,3,53,Minor Syntax Error,R8,rubric,cognitive_rubric.v1
3,7,90,High Cognitive Load,R6,rubric_coverage_topup,cognitive_rubric.v1
2,1,58,Minor Syntax Error,R8,rubric,cognitive_rubric.v1
5,7,61,High Cognitive Load,R5,rubric_coverage_topup,cognitive_rubric.v1
5,12,66,High Cognitive Load,R4,rubric,cognitive_rubric.v1
6,1,12,Needs Simple Basics,R1,rubric,cognitive_rubric.v1
5,20,22,Needs Simple Basics,R2,rubric,cognitive_rubric.v1
5,7,61,High Cognitive Load,R5,rubric,cognitive_rubric.v1
1,3,99,Minor Syntax Error,R8,rubric,cognitive_rubric.v1
2,18,36,High Cognitive Load,R7,rubric_coverage_topup,cognitive_rubric.v1
4,4,47,Needs Simple Basics,R3,rubric,cognitive_rubric.v1
3,8,42,High Cognitive Load,R6,rubric,cognitive_rubric.v1
3,9,53,High Cognitive Load,R6,rubric,cognitive_rubric.v1
1,16,25,High Cognitive Load,R7,rubric_coverage_topup,cognitive_rubric.v1
3,20,80,High Cognitive Load,R4,rubric,cognitive_rubric.v1
3,4,60,Needs Simple Basics,R3,rubric,cognitive_rubric.v1
1,1,43,Needs Simple Basics,R1,rubric,cognitive_rubric.v1
2,6,53,Minor Syntax Error,R8,rubric,cognitive_rubric.v1
3,14,61,High Cognitive Load,R4,rubric,cognitive_rubric.v1
1,5,52,Minor Syntax Error,R8,rubric,cognitive_rubric.v1
2,4,60,Minor Syntax Error,R8,rubric,cognitive_rubric.v1
1,7,62,Minor Syntax Error,R8,rubric,cognitive_rubric.v1
3,3,61,Needs Simple Basics,R3,rubric,cognitive_rubric.v1
4,8,82,High Cognitive Load,R5,rubric_coverage_topup,cognitive_rubric.v1
4,2,46,Needs Simple Basics,R3,rubric,cognitive_rubric.v1
3,2,89,Needs Simple Basics,R3,rubric,cognitive_rubric.v1
1,5,66,Minor Syntax Error,R8,rubric,cognitive_rubric.v1
1,2,60,Minor Syntax Error,R8,rubric,cognitive_rubric.v1
4,7,72,High Cognitive Load,R5,rubric_coverage_topup,cognitive_rubric.v1
1,1,47,Minor Syntax Error,R8,rubric,cognitive_rubric.v1
1,2,48,Minor Syntax Error,R8,rubric,cognitive_rubric.v1
1,3,69,Minor Syntax Error,R8,rubric,cognitive_rubric.v1
1,2,42,Needs Simple Basics,R1,rubric,cognitive_rubric.v1
1,7,89,Minor Syntax Error,R8,rubric,cognitive_rubric.v1
4,11,49,High Cognitive Load,R4,rubric,cognitive_rubric.v1
2,12,55,High Cognitive Load,R7,rubric,cognitive_rubric.v1
2,6,57,Minor Syntax Error,R8,rubric,cognitive_rubric.v1
6,3,11,Needs Simple Basics,R1,rubric,cognitive_rubric.v1
5,7,38,Needs Simple Basics,R2,rubric,cognitive_rubric.v1
6,15,41,Needs Simple Basics,R2,rubric,cognitive_rubric.v1
2,14,71,High Cognitive Load,R7,rubric_coverage_topup,cognitive_rubric.v1
2,3,80,Minor Syntax Error,R8,rubric,cognitive_rubric.v1
4,11,57,High Cognitive Load,R4,rubric,cognitive_rubric.v1
1,2,35,Needs Simple Basics,R1,rubric,cognitive_rubric.v1
4,6,39,Needs Simple Basics,R1,rubric,cognitive_rubric.v1
5,8,28,Needs Simple Basics,R2,rubric,cognitive_rubric.v1
7,5,34,Needs Simple Basics,R1,rubric,cognitive_rubric.v1
5,10,55,Needs Simple Basics,R2,rubric,cognitive_rubric.v1
2,12,23,High Cognitive Load,R7,rubric_coverage_topup,cognitive_rubric.v1
2,4,71,Minor Syntax Error,R8,rubric,cognitive_rubric.v1
2,3,63,Minor Syntax Error,R8,rubric,cognitive_rubric.v1
3,7,52,High Cognitive Load,R6,rubric,cognitive_rubric.v1
2,7,86,Minor Syntax Error,R8,rubric,cognitive_rubric.v1
3,20,81,High Cognitive Load,R4,rubric,cognitive_rubric.v1
3,5,49,Needs Simple Basics,R3,rubric,cognitive_rubric.v1
2,20,58,High Cognitive Load,R7,rubric_coverage_topup,cognitive_rubric.v1
4,8,77,High Cognitive Load,R5,rubric,cognitive_rubric.v1
2,18,63,High Cognitive Load,R7,rubric_coverage_topup,cognitive_rubric.v1
2,2,74,Minor Syntax Error,R8,rubric,cognitive_rubric.v1
5,20,60,High Cognitive Load,R4,rubric,cognitive_rubric.v1
4,8,46,High Cognitive Load,R6,rubric,cognitive_rubric.v1
2,18,69,High Cognitive Load,R7,rubric_coverage_topup,cognitive_rubric.v1
2,8,63,Minor Syntax Error,R8,rubric,cognitive_rubric.v1
5,20,77,High Cognitive Load,R4,rubric,cognitive_rubric.v1
3,9,57,High Cognitive Load,R6,rubric,cognitive_rubric.v1
1,4,61,Minor Syntax Error,R8,rubric,cognitive_rubric.v1
1,6,54,Minor Syntax Error,R8,rubric,cognitive_rubric.v1
2,6,75,Minor Syntax Error,R8,rubric,cognitive_rubric.v1
1,2,48,Minor Syntax Error,R8,rubric,cognitive_rubric.v1
5,4,54,Needs Simple Basics,R2,rubric,cognitive_rubric.v1
4,3,49,Needs Simple Basics,R3,rubric,cognitive_rubric.v1
3,2,30,Needs Simple Basics,R1,rubric,cognitive_rubric.v1
2,12,58,High Cognitive Load,R7,rubric_coverage_topup,cognitive_rubric.v1
5,7,5,Needs Simple Basics,R2,rubric,cognitive_rubric.v1
3,9,11,High Cognitive Load,R6,rubric,cognitive_rubric.v1
1,11,60,Minor Syntax Error,R8,rubric,cognitive_rubric.v1
2,6,50,Minor Syntax Error,R8,rubric,cognitive_rubric.v1
3,8,45,High Cognitive Load,R6,rubric,cognitive_rubric.v1
1,3,15,Needs Simple Basics,R1,rubric,cognitive_rubric.v1
2,12,40,High Cognitive Load,R7,rubric_coverage_topup,cognitive_rubric.v1
3,11,50,High Cognitive Load,R4,rubric,cognitive_rubric.v1
1,2,45,Minor Syntax Error,R8,rubric,cognitive_rubric.v1
1,9,55,Minor Syntax Error,R8,rubric,cognitive_rubric.v1
2,2,64,Minor Syntax Error,R8,rubric,cognitive_rubric.v1
5,10,67,High Cognitive Load,R4,rubric,cognitive_rubric.v1
4,6,40,Needs Simple Basics,R1,rubric,cognitive_rubric.v1
2,14,39,High Cognitive Load,R7,rubric_coverage_topup,cognitive_rubric.v1
2,4,56,Minor Syntax Error,R8,rubric,cognitive_rubric.v1
2,3,40,Needs Simple Basics,R1,rubric,cognitive_rubric.v1
3,5,92,Needs Simple Basics,R3,rubric,cognitive_rubric.v1
5,10,55,Needs Simple Basics,R2,rubric,cognitive_rubric.v1
3,5,52,Needs Simple Basics,R3,rubric,cognitive_rubric.v1
4,6,10,Needs Simple Basics,R1,rubric,cognitive_rubric.v1
2,3,43,Needs Simple Basics,R1,rubric,cognitive_rubric.v1
1,1,8,Needs Simple Basics,R1,rubric,cognitive_rubric.v1
2,7,71,Minor Syntax Error,R8,rubric,cognitive_rubric.v1
4,16,41,High Cognitive Load,R4,rubric,cognitive_rubric.v1
1,4,38,Needs Simple Basics,R1,rubric,cognitive_rubric.v1
4,6,65,Needs Simple Basics,R3,rubric,cognitive_rubric.v1
1,1,42,Needs Simple Basics,R1,rubric,cognitive_rubric.v1
6,10,50,Needs Simple Basics,R2,rubric,cognitive_rubric.v1
1,5,73,Minor Syntax Error,R8,rubric,cognitive_rubric.v1
3,2,25,Needs Simple Basics,R1,rubric,cognitive_rubric.v1
2,2,59,Minor Syntax Error,R8,rubric,cognitive_rubric.v1
4,1,43,Needs Simple Basics,R1,rubric,cognitive_rubric.v1
1,3,68,Minor Syntax Error,R8,rubric,cognitive_rubric.v1
1,3,38,Needs Simple Basics,R1,rubric,cognitive_rubric.v1
2,4,70,Minor Syntax Error,R8,rubric,cognitive_rubric.v1
3,1,52,Needs Simple Basics,R3,rubric,cognitive_rubric.v1
5,3,50,Needs Simple Basics,R2,rubric,cognitive_rubric.v1
3,11,34,High Cognitive Load,R4,rubric,cognitive_rubric.v1
2,3,84,Minor Syntax Error,R8,rubric,cognitive_rubric.v1
2,5,100,Minor Syntax Error,R8,rubric,cognitive_rubric.v1
1,3,84,Minor Syntax Error,R8,rubric,cognitive_rubric.v1
1,1,30,Needs Simple Basics,R1,rubric,cognitive_rubric.v1
4,6,37,Needs Simple Basics,R1,rubric,cognitive_rubric.v1
1,7,57,Minor Syntax Error,R8,rubric,cognitive_rubric.v1
2,15,56,High Cognitive Load,R7,rubric_coverage_topup,cognitive_rubric.v1
3,6,40,Needs Simple Basics,R1,rubric,cognitive_rubric.v1
4,9,67,High Cognitive Load,R5,rubric_coverage_topup,cognitive_rubric.v1
2,11,93,Minor Syntax Error,R8,rubric,cognitive_rubric.v1
1,8,73,Minor Syntax Error,R8,rubric,cognitive_rubric.v1
1,7,88,Minor Syntax Error,R8,rubric,cognitive_rubric.v1
4,7,69,High Cognitive Load,R5,rubric_coverage_topup,cognitive_rubric.v1
3,8,50,High Cognitive Load,R6,rubric,cognitive_rubric.v1
3,5,37,Needs Simple Basics,R1,rubric,cognitive_rubric.v1
5,7,39,Needs Simple Basics,R2,rubric,cognitive_rubric.v1
3,2,53,Needs Simple Basics,R3,rubric,cognitive_rubric.v1
4,8,62,High Cognitive Load,R5,rubric_coverage_topup,cognitive_rubric.v1
6,12,46,Needs Simple Basics,R2,rubric_coverage_topup,cognitive_rubric.v1
1,1,48,Minor Syntax Error,R8,rubric,cognitive_rubric.v1
3,13,48,High Cognitive Load,R4,rubric,cognitive_rubric.v1
3,2,74,Needs Simple Basics,R3,rubric,cognitive_rubric.v1
1,14,72,High Cognitive Load,R7,rubric_coverage_topup,cognitive_rubric.v1
2,20,60,High Cognitive Load,R7,rubric_coverage_topup,cognitive_rubric.v1
1,7,32,Minor Syntax Error,R8,rubric,cognitive_rubric.v1
2,2,49,Minor Syntax Error,R8,rubric,cognitive_rubric.v1
3,2,81,Needs Simple Basics,R3,rubric,cognitive_rubric.v1
4,9,63,High Cognitive Load,R5,rubric_coverage_topup,cognitive_rubric.v1
3,3,43,Needs Simple Basics,R1,rubric,cognitive_rubric.v1
3,5,28,Needs Simple Basics,R1,rubric,cognitive_rubric.v1
2,3,67,Minor Syntax Error,R8,rubric,cognitive_rubric.v1
5,18,46,Needs Simple Basics,R2,rubric,cognitive_rubric.v1
6,20,31,Needs Simple Basics,R2,rubric,cognitive_rubric.v1
1,14,66,High Cognitive Load,R7,rubric_coverage_topup,cognitive_rubric.v1
2,5,66,Minor Syntax Error,R8,rubric,cognitive_rubric.v1
2,4,44,Needs Simple Basics,R1,rubric,cognitive_rubric.v1
2,1,65,Minor Syntax Error,R8,rubric,cognitive_rubric.v1
1,3,82,Minor Syntax Error,R8,rubric,cognitive_rubric.v1
4,5,47,Needs Simple Basics,R3,rubric,cognitive_rubric.v1
3,4,70,Needs Simple Basics,R3,rubric,cognitive_rubric.v1
2,4,51,Minor Syntax Error,R8,rubric,cognitive_rubric.v1
5,6,36,Needs Simple Basics,R1,rubric,cognitive_rubric.v1
4,20,47,High Cognitive Load,R4,rubric,cognitive_rubric.v1
2,5,77,Minor Syntax Error,R8,rubric,cognitive_rubric.v1
2,4,67,Minor Syntax Error,R8,rubric,cognitive_rubric.v1
3,13,51,High Cognitive Load,R4,rubric,cognitive_rubric.v1
5,1,23,Needs Simple Basics,R1,rubric,cognitive_rubric.v1
1,5,79,Minor Syntax Error,R8,rubric,cognitive_rubric.v1
2,2,74,Minor Syntax Error,R8,rubric,cognitive_rubric.v1
1,1,79,Minor Syntax Error,R8,rubric,cognitive_rubric.v1
3,11,57,High Cognitive Load,R4,rubric,cognitive_rubric.v1
2,18,48,High Cognitive Load,R7,rubric,cognitive_rubric.v1
1,9,73,Minor Syntax Error,R8,rubric,cognitive_rubric.v1
2,1,63,Minor Syntax Error,R8,rubric,cognitive_rubric.v1
3,1,72,Needs Simple Basics,R3,rubric,cognitive_rubric.v1
2,3,33,Needs Simple Basics,R1,rubric,cognitive_rubric.v1
3,3,61,Needs Simple Basics,R3,rubric,cognitive_rubric.v1
1,7,63,Minor Syntax Error,R8,rubric,cognitive_rubric.v1
2,10,45,Minor Syntax Error,R8,rubric,cognitive_rubric.v1
2,2,50,Minor Syntax Error,R8,rubric,cognitive_rubric.v1
3,4,25,Needs Simple Basics,R1,rubric,cognitive_rubric.v1
1,12,62,High Cognitive Load,R7,rubric_coverage_topup,cognitive_rubric.v1
5,12,19,Needs Simple Basics,R2,rubric,cognitive_rubric.v1
3,7,75,High Cognitive Load,R6,rubric,cognitive_rubric.v1
4,6,45,Needs Simple Basics,R3,rubric,cognitive_rubric.v1
3,9,17,High Cognitive Load,R6,rubric,cognitive_rubric.v1
4,5,30,Needs Simple Basics,R1,rubric,cognitive_rubric.v1
1,2,51,Minor Syntax Error,R8,rubric,cognitive_rubric.v1
3,8,51,High Cognitive Load,R6,rubric,cognitive_rubric.v1
6,6,53,Needs Simple Basics,R2,rubric_coverage_topup,cognitive_rubric.v1
3,10,62,High Cognitive Load,R4,rubric,cognitive_rubric.v1
5,20,62,High Cognitive Load,R4,rubric,cognitive_rubric.v1
1,4,73,Minor Syntax Error,R8,rubric,cognitive_rubric.v1
2,8,90,Minor Syntax Error,R8,rubric,cognitive_rubric.v1
4,14,48,High Cognitive Load,R4,rubric,cognitive_rubric.v1
2,3,78,Minor Syntax Error,R8,rubric,cognitive_rubric.v1
2,6,90,Minor Syntax Error,R8,rubric,cognitive_rubric.v1
2,16,100,Minor Syntax Error,R8,rubric,cognitive_rubric.v1
3,10,41,High Cognitive Load,R4,rubric,cognitive_rubric.v1
3,15,85,High Cognitive Load,R4,rubric,cognitive_rubric.v1
3,1,25,Needs Simple Basics,R1,rubric,cognitive_rubric.v1
4,2,62,Needs Simple Basics,R3,rubric,cognitive_rubric.v1
4,2,31,Needs Simple Basics,R1,rubric,cognitive_rubric.v1
4,12,49,High Cognitive Load,R4,rubric,cognitive_rubric.v1
4,9,84,High Cognitive Load,R5,rubric_coverage_topup,cognitive_rubric.v1
4,6,42,Needs Simple Basics,R1,rubric,cognitive_rubric.v1
1,6,68,Minor Syntax Error,R8,rubric,cognitive_rubric.v1
3,7,78,High Cognitive Load,R6,rubric,cognitive_rubric.v1
4,19,63,High Cognitive Load,R4,rubric,cognitive_rubric.v1
2,3,73,Minor Syntax Error,R8,rubric,cognitive_rubric.v1
3,10,63,High Cognitive Load,R4,rubric,cognitive_rubric.v1
6,10,66,High Cognitive Load,R4,rubric,cognitive_rubric.v1
1,4,74,Minor Syntax Error,R8,rubric,cognitive_rubric.v1
3,5,68,Needs Simple Basics,R3,rubric,cognitive_rubric.v1
1,4,55,Minor Syntax Error,R8,rubric,cognitive_rubric.v1
2,6,56,Minor Syntax Error,R8,rubric,cognitive_rubric.v1
1,13,61,High Cognitive Load,R7,rubric_coverage_topup,cognitive_rubric.v1
3,11,38,High Cognitive Load,R4,rubric,cognitive_rubric.v1
3,2,43,Needs Simple Basics,R1,rubric,cognitive_rubric.v1
2,7,42,Minor Syntax Error,R8,rubric,cognitive_rubric.v1
5,7,45,Needs Simple Basics,R2,rubric,cognitive_rubric.v1
1,13,48,High Cognitive Load,R7,rubric_coverage_topup,cognitive_rubric.v1
4,2,46,Needs Simple Basics,R3,rubric,cognitive_rubric.v1
1,3,85,Minor Syntax Error,R8,rubric,cognitive_rubric.v1
4,7,70,High Cognitive Load,R5,rubric_coverage_topup,cognitive_rubric.v1
2,5,72,Minor Syntax Error,R8,rubric,cognitive_rubric.v1
2,12,56,High Cognitive Load,R7,rubric_coverage_topup,cognitive_rubric.v1
2,7,66,Minor Syntax Error,R8,rubric,cognitive_rubric.v1
3,9,56,High Cognitive Load,R6,rubric,cognitive_rubric.v1
2,4,18,Needs Simple Basics,R1,rubric,cognitive_rubric.v1
2,3,33,Needs Simple Basics,R1,rubric,cognitive_rubric.v1
1,6,65,Minor Syntax Error,R8,rubric,cognitive_rubric.v1
2,7,4,Minor Syntax Error,R8,rubric,cognitive_rubric.v1
2,2,50,Minor Syntax Error,R8,rubric,cognitive_rubric.v1
1,2,70,Minor Syntax Error,R8,rubric,cognitive_rubric.v1
4,11,62,High Cognitive Load,R4,rubric,cognitive_rubric.v1
2,13,39,High Cognitive Load,R7,rubric,cognitive_rubric.v1
4,8,60,High Cognitive Load,R5,rubric_coverage_topup,cognitive_rubric.v1
3,6,29,Needs Simple Basics,R1,rubric,cognitive_rubric.v1
4,7,61,High Cognitive Load,R5,rubric_coverage_topup,cognitive_rubric.v1
1,3,71,Minor Syntax Error,R8,rubric,cognitive_rubric.v1
1,3,53,Minor Syntax Error,R8,rubric,cognitive_rubric.v1
1,4,52,Minor Syntax Error,R8,rubric,cognitive_rubric.v1
3,4,72,Needs Simple Basics,R3,rubric,cognitive_rubric.v1
3,5,80,Needs Simple Basics,R3,rubric,cognitive_rubric.v1
3,6,64,Needs Simple Basics,R3,rubric,cognitive_rubric.v1
3,2,39,Needs Simple Basics,R1,rubric,cognitive_rubric.v1
1,5,63,Minor Syntax Error,R8,rubric,cognitive_rubric.v1
2,5,51,Minor Syntax Error,R8,rubric,cognitive_rubric.v1
1,4,53,Minor Syntax Error,R8,rubric,cognitive_rubric.v1
2,5,79,Minor Syntax Error,R8,rubric,cognitive_rubric.v1
3,17,68,High Cognitive Load,R4,rubric,cognitive_rubric.v1
2,2,79,Minor Syntax Error,R8,rubric,cognitive_rubric.v1
1,2,34,Needs Simple Basics,R1,rubric,cognitive_rubric.v1
4,3,41,Needs Simple Basics,R1,rubric,cognitive_rubric.v1
3,4,28,Needs Simple Basics,R1,rubric,cognitive_rubric.v1
1,3,76,Minor Syntax Error,R8,rubric,cognitive_rubric.v1
3,3,32,Needs Simple Basics,R1,rubric,cognitive_rubric.v1
4,8,58,High Cognitive Load,R6,rubric,cognitive_rubric.v1
3,7,54,High Cognitive Load,R6,rubric,cognitive_rubric.v1
4,17,58,High Cognitive Load,R4,rubric,cognitive_rubric.v1
3,4,43,Needs Simple Basics,R1,rubric,cognitive_rubric.v1
5,8,85,High Cognitive Load,R5,rubric_coverage_topup,cognitive_rubric.v1
1,2,47,Minor Syntax Error,R8,rubric,cognitive_rubric.v1
2,7,41,Minor Syntax Error,R8,rubric,cognitive_rubric.v1
2,3,25,Needs Simple Basics,R1,rubric,cognitive_rubric.v1
4,8,96,High Cognitive Load,R5,rubric_coverage_topup,cognitive_rubric.v1
1,3,93,Minor Syntax Error,R8,rubric,cognitive_rubric.v1
4,4,59,Needs Simple Basics,R3,rubric,cognitive_rubric.v1
1,1,45,Minor Syntax Error,R8,rubric,cognitive_rubric.v1
4,9,63,High Cognitive Load,R5,rubric_coverage_topup,cognitive_rubric.v1
1,9,66,Minor Syntax Error,R8,rubric,cognitive_rubric.v1
3,9,50,High Cognitive Load,R6,rubric,cognitive_rubric.v1
2,8,91,Minor Syntax Error,R8,rubric,cognitive_rubric.v1
1,3,33,Needs Simple Basics,R1,rubric,cognitive_rubric.v1
2,2,45,Minor Syntax Error,R8,rubric,cognitive_rubric.v1
1,15,42,High Cognitive Load,R7,rubric,cognitive_rubric.v1
1,1,54,Minor Syntax Error,R8,rubric,cognitive_rubric.v1
3,2,50,Needs Simple Basics,R3,rubric,cognitive_rubric.v1
4,3,27,Needs Simple Basics,R1,rubric,cognitive_rubric.v1
3,3,34,Needs Simple Basics,R1,rubric,cognitive_rubric.v1
2,3,53,Minor Syntax Error,R8,rubric,cognitive_rubric.v1
2,5,52,Minor Syntax Error,R8,rubric,cognitive_rubric.v1
2,15,43,High Cognitive Load,R7,rubric,cognitive_rubric.v1
1,7,71,Minor Syntax Error,R8,rubric,cognitive_rubric.v1
2,13,58,High Cognitive Load,R7,rubric,cognitive_rubric.v1
1,13,72,High Cognitive Load,R7,rubric_coverage_topup,cognitive_rubric.v1
1,3,51,Minor Syntax Error,R8,rubric,cognitive_rubric.v1
1,2,68,Minor Syntax Error,R8,rubric,cognitive_rubric.v1
1,8,79,Minor Syntax Error,R8,rubric,cognitive_rubric.v1
